id,aisle_id,section_num,is_inventory,svg_x,svg_y,svg_width,svg_height,sort_order,created_at,updated_at
431,13,1,t,1470.3015,2612.8076,82.2,21.300001,0,2026-05-28 20:27:57.252062,2026-06-26 20:00:40.693
432,13,3,t,1555.4015,2612.7075,81.6,21.300001,0,2026-05-28 20:29:13.362036,2026-06-26 20:00:40.737
433,13,5,t,1640.0015,2612.7075,82.1,21.300058,0,2026-05-28 20:29:29.93295,2026-06-26 20:00:40.773
434,13,7,t,1724.9015,2612.7075,81.8999,21.300058,0,2026-05-28 20:29:51.208838,2026-06-26 20:00:40.81
435,13,9,t,1809.9015,2612.9075,81.7999,21.300058,0,2026-05-28 20:29:51.958877,2026-06-26 20:00:40.846
436,13,11,t,1894.7014,2612.9075,81.7999,21.300058,0,2026-05-28 20:30:30.611138,2026-06-26 20:00:40.884
437,13,13,t,1979.5015,2612.8076,82.0997,21.300058,0,2026-05-28 20:30:31.075366,2026-06-26 20:00:40.933
438,13,15,t,2064.7014,2612.8076,81.4995,21.300058,0,2026-05-28 20:31:24.810926,2026-06-26 20:00:41.055
439,13,2,t,1470.3671,2712.3984,82.09998,21.191853,0,2026-05-28 20:32:26.092014,2026-06-26 20:02:41.238
440,13,14,t,1980.0488,2712.2903,82.0997,21.300058,0,2026-05-28 20:32:26.163659,2026-06-26 20:02:41.471
441,13,4,t,1555.3489,2712.19,81.71812,21.300001,0,2026-05-28 20:32:26.181958,2026-06-26 20:02:41.279
442,13,10,t,1810.267,2712.39,81.98178,21.300058,0,2026-05-28 20:32:26.186321,2026-06-26 20:02:41.394
443,13,16,t,2065.2488,2712.2903,81.4995,21.300058,0,2026-05-28 20:32:26.201537,2026-06-26 20:02:41.507
444,13,6,t,1640.4489,2712.39,81.71812,21.300058,0,2026-05-28 20:32:26.238908,2026-06-26 20:02:41.32
445,13,8,t,1725.4489,2712.29,81.8999,21.300058,0,2026-05-28 20:32:26.247908,2026-06-26 20:02:41.359
446,13,12,t,1895.1488,2712.39,81.7999,21.300058,0,2026-05-28 20:32:26.486086,2026-06-26 20:02:41.432
448,13,19,t,2233.61,2613.2454,104.35228,21.300058,0,2026-05-28 20:35:17.117256,2026-06-26 19:59:56.757
449,13,21,t,2341.0662,2613.2075,106.01863,21.300058,0,2026-05-28 20:36:57.003077,2026-06-26 19:59:56.793
450,13,23,t,2450.1848,2613.1074,106.01863,21.300058,0,2026-05-28 20:37:12.638728,2026-06-26 19:59:56.84
451,13,25,t,2559.3032,2613.2075,106.01863,21.300058,0,2026-05-28 20:37:13.222865,2026-06-26 19:59:56.892
452,13,27,t,2668.1218,2613.1074,106.01863,21.300058,0,2026-05-28 20:38:18.108595,2026-06-26 19:59:56.927
453,13,29,t,2777.0403,2613.0073,106.01863,21.300058,0,2026-05-28 20:38:24.758321,2026-06-26 19:59:56.963
454,13,31,t,2886.0586,2613.3074,104.15479,21.300058,0,2026-05-28 20:38:33.910157,2026-06-26 19:59:57.11
455,13,20,t,2233.3965,2712.912,104.51742,21.300058,0,2026-05-28 20:40:40.852581,2026-06-26 19:59:37.963
456,13,30,t,2776.827,2712.674,106.01863,21.300058,0,2026-05-28 20:40:40.962316,2026-06-26 19:59:38.149
457,13,22,t,2340.8528,2712.874,106.361115,21.300058,0,2026-05-28 20:40:40.971125,2026-06-26 19:59:37.999
458,13,28,t,2667.9082,2712.774,106.20571,21.300058,0,2026-05-28 20:40:40.971301,2026-06-26 19:59:38.112
459,13,32,t,2885.845,2712.974,104.46892,21.300058,0,2026-05-28 20:40:41.134553,2026-06-26 19:59:38.202
460,13,26,t,2559.0896,2712.874,106.01863,21.300058,0,2026-05-28 20:40:42.034048,2026-06-26 19:59:38.075
461,13,24,t,2449.9712,2712.774,106.44272,21.300058,0,2026-05-28 20:40:42.03484,2026-06-26 19:59:38.035
465,13,37,t,3202.5703,2613.1567,87.79897,21.198854,0,2026-05-28 20:44:44.837864,2026-06-26 20:03:54.394
466,13,39,t,3293.4695,2613.244,87.79897,21.011726,0,2026-05-28 20:45:07.880906,2026-06-26 20:03:54.433
467,13,41,t,3384.2693,2613.244,87.58783,21.011726,0,2026-05-28 20:45:17.873304,2026-06-26 20:03:54.476
468,13,43,t,3474.957,2613.3015,87.59436,21.011726,0,2026-05-28 20:45:32.93592,2026-06-26 20:03:54.516
469,13,45,t,3565.5662,2613.244,87.79093,21.011726,0,2026-05-28 20:45:57.221942,2026-06-26 20:03:54.551
470,13,42,t,3384.2178,2713.14,87.65008,21.011726,0,2026-05-28 20:47:10.995619,2026-06-26 20:03:31.144
471,13,38,t,3202.6704,2713.1272,87.79897,21.124037,0,2026-05-28 20:47:10.995451,2026-06-26 20:03:31.069
472,13,40,t,3293.322,2713.14,87.79897,21.011726,0,2026-05-28 20:47:10.995943,2026-06-26 20:03:31.106
473,13,44,t,3474.753,2713.0933,87.66481,21.288252,0,2026-05-28 20:47:11.083819,2026-06-26 20:03:31.186
474,13,46,t,3565.4187,2713.14,87.91086,21.011726,0,2026-05-28 20:47:11.09189,2026-06-26 20:03:31.484
475,13,50,t,3758.2458,2712.7505,78.7,21.011726,0,2026-05-28 20:49:32.18055,2026-06-26 20:04:39.476
476,13,52,t,3839.827,2712.7505,78.7,21.011726,0,2026-05-28 20:50:11.748816,2026-06-26 20:04:39.514
477,13,54,t,3921.4082,2712.5742,78.7,21.011726,0,2026-05-28 20:50:12.807917,2026-06-26 20:04:39.6
478,13,56,t,4002.6367,2712.7505,78.7,21.011726,0,2026-05-28 20:50:13.597821,2026-06-26 20:04:39.637
479,13,58,t,4084.3357,2712.7505,78.7,21.011726,0,2026-05-28 20:50:29.044278,2026-06-26 20:05:14.063
480,13,60,t,4166.183,2712.7505,78.31592,21.011726,0,2026-05-28 20:50:29.507114,2026-06-26 20:04:39.714
481,13,62,t,4247.603,2712.5742,78.62135,21.199568,0,2026-05-28 20:51:09.865351,2026-06-26 20:04:39.759
482,13,64,t,4329.1284,2712.5742,78.627785,21.099567,0,2026-05-28 20:51:31.063465,2026-06-26 20:04:39.8
483,13,51,t,3839.869,2613.2175,78.7,21.011726,0,2026-05-28 20:52:01.098731,2026-06-26 20:04:15.395
484,13,57,t,4084.4773,2613.2175,78.48282,21.09148,0,2026-05-28 20:52:01.100373,2026-06-26 20:04:15.519
485,13,55,t,4002.8772,2613.2175,78.6,21.191479,0,2026-05-28 20:52:01.100532,2026-06-26 20:04:15.478
486,13,53,t,3921.1772,2613.0415,78.6,21.267479,0,2026-05-28 20:52:01.101529,2026-06-26 20:04:15.438
487,13,61,t,4247.645,2613.0415,78.62135,21.36748,0,2026-05-28 20:52:01.172921,2026-06-26 20:04:15.638
488,13,63,t,4329.377,2613.0415,78.79125,21.267479,0,2026-05-28 20:52:01.173373,2026-06-26 20:04:15.688
489,13,59,t,4166.225,2613.2175,78.50541,21.29148,0,2026-05-28 20:52:01.177057,2026-06-26 20:04:15.572
490,13,49,t,3758.9297,2613.2175,77.81082,21.011726,0,2026-05-28 20:52:01.337336,2026-06-26 20:04:15.352
491,14,61,t,1555.1489,2841.5852,82.06961,21.2,0,2026-06-01 19:59:54.599757,2026-06-26 19:56:56.326
492,14,59,t,1640.2489,2841.3853,81.96961,21.31076,0,2026-06-01 19:59:54.60053,2026-06-26 19:56:56.288
493,14,57,t,1725.2489,2841.2961,81.8999,21.300058,0,2026-06-01 19:59:54.600817,2026-06-26 19:56:56.246
494,16,65,t,1470.4014,3000.115,82.2,21.100065,0,2026-06-01 19:59:54.601003,2026-06-01 20:45:22.816
495,14,63,t,1470.154,2841.4963,82.16451,21.288998,0,2026-06-01 19:59:54.602499,2026-06-26 19:56:56.361
496,14,53,t,1894.9489,2841.396,82.16961,21.300058,0,2026-06-01 19:59:54.785626,2026-06-26 19:56:56.17
497,14,49,t,2065.0488,2841.2964,81.4995,21.300058,0,2026-06-01 19:59:54.797143,2026-06-26 19:56:56.097
498,16,61,t,1640.3015,3000.0151,82.1,20.999865,0,2026-06-01 19:59:54.798259,2026-06-01 20:45:22.738
499,14,51,t,1979.8488,2841.4854,82.36971,21.11116,0,2026-06-01 19:59:54.799544,2026-06-26 19:56:56.133
500,16,63,t,1555.315,3000.215,81.886505,20.875036,0,2026-06-01 19:59:54.801125,2026-06-01 20:45:22.776
501,16,59,t,1725.2015,2999.915,81.8999,21.199965,0,2026-06-01 19:59:54.818341,2026-06-01 20:45:22.778
502,16,57,t,1810.2015,3000.09,81.7999,21.300058,0,2026-06-01 19:59:54.830609,2026-06-01 20:45:22.732
503,16,53,t,1980.0117,2999.9678,82.1033,21.322643,0,2026-06-01 19:59:54.834702,2026-06-01 20:45:22.782
504,16,51,t,2065.0015,2999.9902,81.4995,21.300058,0,2026-06-01 19:59:54.83704,2026-06-01 20:45:22.774
505,16,55,t,1895.0013,3000.09,81.9137,21.300058,0,2026-06-01 19:59:54.838215,2026-06-01 20:45:22.781
506,14,55,t,1810.067,2841.396,81.98178,21.300058,0,2026-06-01 19:59:55.663487,2026-06-26 19:56:56.209
507,15,27,t,2667.977,2971.4705,106.01863,21.09885,0,2026-06-01 20:05:58.551572,2026-06-02 20:11:06.545
508,14,43,t,2340.9397,2841.5774,106.361115,21.300058,0,2026-06-01 20:05:58.552347,2026-06-26 19:56:02.65
509,15,25,t,2559.085,2971.0986,106.01863,21.300058,0,2026-06-01 20:05:58.552957,2026-06-02 20:10:59.832
510,15,29,t,2776.9119,2971.3276,106.01863,21.300058,0,2026-06-01 20:05:58.553542,2026-06-02 20:11:11.964
511,15,23,t,2450.252,2971.328,106.01863,21.300058,0,2026-06-01 20:05:58.553704,2026-06-02 20:10:51.441
512,15,31,t,2886.0608,2971.3982,104.15479,21.300058,0,2026-06-01 20:05:58.553968,2026-06-02 20:11:16.054
513,14,41,t,2450.058,2841.9854,106.44272,20.899899,0,2026-06-01 20:05:58.61873,2026-06-26 19:56:02.615
514,14,37,t,2667.995,2841.6719,106.20571,21.4,0,2026-06-01 20:05:58.636055,2026-06-26 19:56:02.407
515,14,45,t,2233.4834,2841.616,104.51742,21.300058,0,2026-06-01 20:05:58.637334,2026-06-26 19:56:02.701
516,14,39,t,2559.1765,2842.0063,106.01863,21.092161,0,2026-06-01 20:05:58.638729,2026-06-26 19:56:02.443
517,14,35,t,2777.2654,2841.772,105.66696,21.4,0,2026-06-01 20:05:58.64004,2026-06-26 19:56:02.37
518,14,33,t,2885.932,2841.678,104.46892,21.300058,0,2026-06-01 20:05:58.640727,2026-06-26 19:56:02.32
519,15,19,t,2233.549,2971.2935,104.35228,21.300058,0,2026-06-01 20:05:58.652065,2026-06-02 20:10:40.634
520,15,21,t,2341.148,2971.3694,106.01863,21.058706,0,2026-06-01 20:05:58.66891,2026-06-02 20:10:46.57
521,14,25,t,3293.3333,2841.6357,87.79897,21.011726,0,2026-06-01 20:13:42.908883,2026-06-26 19:52:29.62
522,14,21,t,3474.7644,2841.3977,87.66481,21.204905,0,2026-06-01 20:13:42.910624,2026-06-26 19:52:29.539
524,14,19,t,3565.63,2841.6357,87.70308,21.011726,0,2026-06-01 20:13:42.911548,2026-06-26 19:52:29.497
525,14,27,t,3202.6187,2841.4353,87.66199,21.148687,0,2026-06-01 20:13:42.911845,2026-06-26 19:52:29.657
526,14,23,t,3384.229,2841.4358,87.65008,21.348186,0,2026-06-01 20:13:42.91493,2026-06-26 19:52:29.582
527,14,26,t,3293.2808,2743.0398,87.79897,21.011726,0,2026-06-01 20:13:42.943554,2026-06-26 19:47:11.209
528,14,24,t,3384.2295,2742.9397,87.749435,21.253649,0,2026-06-01 20:13:42.946568,2026-06-26 19:47:11.211
529,14,22,t,3474.6433,2743.0974,87.87084,21.011726,0,2026-06-01 20:13:42.947887,2026-06-26 19:47:11.219
531,14,12,t,3921.808,2742.986,78.7,21.011726,0,2026-06-01 20:19:41.152934,2026-06-26 19:46:21.516
532,14,14,t,3840.227,2743.162,78.7,21.011726,0,2026-06-01 20:19:41.152802,2026-06-26 19:46:21.57
533,14,10,t,4003.3367,2742.962,78.7,21.011726,0,2026-06-01 20:19:41.153443,2026-06-26 19:46:21.482
534,14,16,t,3758.6458,2742.9658,78.7,21.207897,0,2026-06-01 20:19:41.153612,2026-06-26 20:05:31.453
535,14,8,t,4084.815,2742.962,78.7,21.011726,0,2026-06-01 20:19:41.154252,2026-06-26 20:05:09.236
536,14,6,t,4166.583,2742.9739,78.47318,21.199959,0,2026-06-01 20:19:41.199637,2026-06-26 19:46:21.403
537,14,2,t,4329.9863,2743.1038,78.300186,21.011726,0,2026-06-01 20:19:41.202373,2026-06-26 20:04:57.219
538,14,4,t,4248.003,2742.986,78.953186,21.011726,0,2026-06-01 20:19:41.454702,2026-06-26 19:46:21.369
539,14,58,t,1725.2489,2742.69,81.8999,21.300058,0,2026-06-01 20:30:35.013896,2026-06-26 19:49:11.32
540,14,50,t,2065.0488,2742.6902,81.4995,21.300058,0,2026-06-01 20:30:35.016236,2026-06-26 19:49:11.322
541,14,44,t,2340.778,2742.7742,106.361115,21.300058,0,2026-06-01 20:30:35.017857,2026-06-26 19:49:39.199
542,14,52,t,1979.8488,2742.6902,82.33427,21.300058,0,2026-06-01 20:30:35.018442,2026-06-26 19:49:11.441
543,14,56,t,1810.067,2742.79,81.98178,21.300058,0,2026-06-01 20:30:35.018675,2026-06-26 19:49:11.313
544,14,54,t,1894.9489,2742.79,82.13416,21.300058,0,2026-06-01 20:30:35.020886,2026-06-26 19:49:11.444
545,14,36,t,2776.7524,2742.5742,106.01863,21.300058,0,2026-06-01 20:30:35.098845,2026-06-26 19:49:39.2
546,14,38,t,2667.8335,2742.6743,106.20571,21.300058,0,2026-06-01 20:30:35.099393,2026-06-26 19:49:39.239
547,14,46,t,2233.3218,2742.8125,104.51742,21.300058,0,2026-06-01 20:30:35.100043,2026-06-26 19:49:39.196
548,14,34,t,2885.7703,2742.8745,104.46892,21.300058,0,2026-06-01 20:30:35.101861,2026-06-26 19:49:39.203
550,14,28,t,3202.6704,2743.0913,87.79897,21.011726,0,2026-06-01 20:30:35.121891,2026-06-26 19:47:11.212
551,14,20,t,3565.524,2743.097,87.91086,21.011726,0,2026-06-01 20:30:35.142033,2026-06-26 19:47:11.205
552,14,42,t,2449.8965,2742.6743,106.44272,21.300058,0,2026-06-01 20:30:35.143596,2026-06-26 19:49:39.2
555,14,64,t,1470.1671,2742.6902,82.41597,21.191853,0,2026-06-01 20:30:35.156993,2026-06-26 19:49:11.413
556,14,62,t,1555.383,2742.7498,81.800064,21.140144,0,2026-06-01 20:30:35.159592,2026-06-26 19:49:11.321
557,14,60,t,1640.2489,2742.79,81.83417,21.300058,0,2026-06-01 20:30:35.172678,2026-06-26 19:49:11.315
558,14,40,t,2559.015,2742.7742,106.01863,21.300058,0,2026-06-01 20:30:35.176048,2026-06-26 19:49:39.204
559,15,20,t,2233.7654,2871.8223,104.20007,21.300058,0,2026-06-01 20:30:35.178024,2026-06-02 20:11:31.542
560,15,8,t,1725.3608,2871.757,81.8999,21.400017,0,2026-06-01 20:30:35.180002,2026-06-01 20:54:41.862
561,15,37,t,3202.5703,2970.9668,87.79897,21.011726,0,2026-06-01 20:30:35.188649,2026-06-02 20:12:42.912
562,15,38,t,3202.8186,2871.384,87.66199,21.148687,0,2026-06-01 20:30:35.190421,2026-06-02 20:12:11.026
563,16,46,t,2233.5498,3001.3704,104.35228,21.300058,0,2026-06-01 20:30:35.208131,2026-06-01 20:50:37.923
564,15,40,t,3293.394,2871.4475,87.937965,21.280096,0,2026-06-01 20:30:35.392123,2026-06-02 20:12:15.979
565,15,1,t,1470.4144,2969.7415,82.2,21.100065,0,2026-06-01 20:30:35.392704,2026-06-01 20:54:27.868
566,15,42,t,3384.2942,2871.584,87.78497,20.943596,0,2026-06-01 20:30:35.396058,2026-06-02 20:12:20.113
567,15,4,t,1555.2609,2871.7131,82.06961,21.2,0,2026-06-01 20:30:35.399395,2026-06-01 20:54:33.48
568,16,44,t,2341.1057,3001.3325,106.01863,21.300058,0,2026-06-01 20:30:35.426512,2026-06-01 20:50:28.665
569,16,34,t,2885.998,3001.2322,104.15479,21.300058,0,2026-06-01 20:30:35.430107,2026-06-01 20:48:45.785
570,15,44,t,3474.9644,2871.4026,87.66481,21.204905,0,2026-06-01 20:30:35.431162,2026-06-02 20:12:26.886
571,15,7,t,1725.2146,2969.7415,81.8999,21.199965,0,2026-06-01 20:30:35.431848,2026-06-01 20:55:29.426
572,15,16,t,2065.161,2871.7244,81.412544,21.300058,0,2026-06-01 20:30:35.461219,2026-06-01 20:55:01.299
573,15,3,t,1555.628,2969.6677,81.683685,21.223886,0,2026-06-01 20:30:35.462325,2026-06-01 20:55:20.706
574,15,46,t,3565.594,2871.4475,87.93898,21.180096,0,2026-06-01 20:30:35.46485,2026-06-02 20:12:30.762
575,15,9,t,1810.2146,2969.8167,81.7999,20.95105,0,2026-06-01 20:30:35.466403,2026-06-01 20:55:33.301
576,15,11,t,1894.8933,2969.7166,81.9137,21.300058,0,2026-06-01 20:30:35.493896,2026-06-01 20:55:39.266
577,15,15,t,2065.3118,2969.7168,81.00232,21.300058,0,2026-06-01 20:30:35.499992,2026-06-01 20:55:46.142
578,15,13,t,1979.9146,2969.817,82.31349,20.95075,0,2026-06-01 20:30:35.501183,2026-06-01 20:55:42.86
579,15,2,t,1470.266,2871.7134,82.16451,21.288998,0,2026-06-01 20:30:35.502329,2026-06-01 20:54:20.252
580,15,14,t,1979.9608,2871.8247,82.36971,21.11116,0,2026-06-01 20:30:35.527705,2026-06-01 20:55:07.021
581,15,6,t,1640.3608,2871.757,81.96961,21.177744,0,2026-06-01 20:30:35.533627,2026-06-01 20:54:36.917
582,15,5,t,1640.2146,2969.7417,82.1,20.999865,0,2026-06-01 20:30:35.534215,2026-06-01 20:55:25.054
583,15,12,t,1895.0609,2871.757,82.16961,21.167027,0,2026-06-01 20:30:35.535282,2026-06-01 20:54:50.945
584,15,30,t,2777.1655,2871.584,105.59366,21.300058,0,2026-06-01 20:30:35.559343,2026-06-02 20:11:55.203
585,16,36,t,2777.1128,3001.4692,105.58553,20.963007,0,2026-06-01 20:30:35.56967,2026-06-01 20:49:16.946
586,16,40,t,2559.3127,3001.4326,105.748535,21.136751,0,2026-06-01 20:30:35.571899,2026-06-01 20:49:53.584
587,15,24,t,2449.8848,2871.7917,106.44272,21.08027,0,2026-06-01 20:30:35.573232,2026-06-02 20:11:38.87
588,16,42,t,2450.3245,3001.2324,106.01863,21.300058,0,2026-06-01 20:30:35.595145,2026-06-01 20:50:02.361
589,16,38,t,2668.0613,3001.2324,106.01863,21.300058,0,2026-06-01 20:30:35.608932,2026-06-01 20:49:35.246
590,15,28,t,2668.1655,2871.872,105.86204,21.112087,0,2026-06-01 20:30:35.615605,2026-06-02 20:11:49.024
591,15,26,t,2559.233,2872.0044,105.55636,21.092161,0,2026-06-01 20:30:35.616834,2026-06-02 20:11:44.506
592,15,32,t,2885.7588,2871.8843,104.46892,21.300058,0,2026-06-01 20:30:35.629372,2026-06-02 20:12:01.027
593,15,45,t,3565.318,2970.9084,88.05083,21.253748,0,2026-06-01 20:30:35.641847,2026-06-02 20:13:00.331
594,15,43,t,3475.032,2970.8242,87.49849,21.35538,0,2026-06-01 20:30:35.648556,2026-06-02 20:12:56.394
595,15,39,t,3293.496,2970.8667,87.70009,21.011726,0,2026-06-01 20:30:35.650306,2026-06-02 20:12:47.068
596,15,22,t,2340.7664,2871.7837,106.361115,21.300058,0,2026-06-01 20:30:35.658967,2026-06-02 20:11:35.877
597,15,10,t,1810.179,2871.957,81.98178,20.967043,0,2026-06-01 20:30:35.659938,2026-06-01 20:54:46.091
598,15,41,t,3384.1184,2971.0085,87.749435,21.253649,0,2026-06-01 20:30:35.661998,2026-06-02 20:12:52.564
599,16,26,t,3293.404,2999.9863,87.937965,21.299883,0,2026-06-02 20:14:50.612697,2026-06-02 20:25:13.389
600,16,28,t,3202.5784,3000.8738,87.91223,21.148687,0,2026-06-02 20:14:50.613051,2026-06-02 20:18:38.898
601,16,22,t,3474.9744,3000.9485,87.66481,21.204905,0,2026-06-02 20:14:50.612433,2026-06-02 20:18:21.594
602,16,23,t,3384.1284,3100.3032,87.749435,21.253649,0,2026-06-02 20:14:50.520697,2026-06-02 20:18:06.905
603,16,21,t,3474.942,3100.3208,87.49849,21.273764,0,2026-06-02 20:14:50.618352,2026-06-02 20:18:03.418
604,16,19,t,3565.4272,3100.3032,87.951614,21.253748,0,2026-06-02 20:14:50.623342,2026-06-02 20:17:05.07
605,16,25,t,3293.5059,3100.3196,87.70009,21.074963,0,2026-06-02 20:14:50.759892,2026-06-02 20:18:11.315
606,16,24,t,3384.3042,3000.8687,87.47416,20.943596,0,2026-06-02 20:14:50.760601,2026-06-02 20:18:25.794
607,16,27,t,3202.6804,3100.2195,87.79897,21.375063,0,2026-06-02 20:14:50.761701,2026-06-02 20:18:15.891
608,16,20,t,3565.604,3000.7727,87.93898,21.376114,0,2026-06-02 20:14:50.768314,2026-06-02 20:16:44.776
609,16,33,t,2886.0618,3100.525,104.46001,21.300058,0,2026-06-02 20:19:09.204219,2026-06-02 20:22:35.289
610,16,37,t,2668.4304,3100.5251,106.01863,21.300058,0,2026-06-02 20:19:09.204363,2026-06-02 20:21:29.726
611,16,45,t,2233.9187,3100.663,104.35228,21.300058,0,2026-06-02 20:19:09.206084,2026-06-02 20:22:01.34
612,16,41,t,2450.538,3100.5251,106.17418,21.300058,0,2026-06-02 20:19:09.2073,2026-06-02 20:21:43.727
613,16,35,t,2777.4817,3100.4248,105.58553,21.43831,0,2026-06-02 20:19:09.20742,2026-06-02 20:22:21.525
614,16,39,t,2559.682,3100.562,105.748535,21.136751,0,2026-06-02 20:19:09.208943,2026-06-02 20:21:39.296
615,16,43,t,2341.138,3100.6252,106.355484,20.94449,0,2026-06-02 20:19:09.245072,2026-06-02 20:21:54.789
616,16,54,t,1895.2487,3100.2832,81.9137,21.300058,0,2026-06-02 20:23:07.196494,2026-06-02 20:23:24.554
617,16,64,t,1470.2487,3100.1082,82.2,21.100065,0,2026-06-02 20:23:07.196626,2026-06-02 20:24:42.316
618,16,62,t,1555.5623,3099.9832,81.634705,21.33819,0,2026-06-02 20:23:07.198303,2026-06-02 20:24:34.374
619,16,52,t,1979.997,3100.1836,82.36549,21.322643,0,2026-06-02 20:23:07.201408,2026-06-02 20:23:40.263
620,16,60,t,1640.197,3100.1082,82,21.21319,0,2026-06-02 20:23:07.205383,2026-06-02 20:24:25.607
621,16,58,t,1725.297,3100.008,81.90001,21.199965,0,2026-06-02 20:23:07.232499,2026-06-02 20:24:06.869
622,16,50,t,2065.2488,3100.1833,81.24821,21.300058,0,2026-06-02 20:23:07.241082,2026-06-02 20:23:49.778
623,16,56,t,1810.097,3100.2832,82.151794,21.300058,0,2026-06-02 20:23:07.291042,2026-06-02 20:23:33.897
624,17,12,t,1895.1082,3130.36,81.9137,21.300058,0,2026-06-02 20:25:32.609201,2026-06-02 20:40:20.068
625,17,10,t,1809.9565,3130.36,82.151794,21.300058,0,2026-06-02 20:25:32.610045,2026-06-02 20:40:27.49
626,17,8,t,1725.1565,3130.5469,81.90001,21.199965,0,2026-06-02 20:25:32.610259,2026-06-02 20:40:34.906
627,17,2,t,1470.2487,3130.4065,82.2,21.100065,0,2026-06-02 20:25:32.610384,2026-06-02 20:40:49.942
628,17,16,t,2064.7605,3130.2603,81.24821,21.300058,0,2026-06-02 20:25:32.611214,2026-06-02 20:40:06.685
629,17,14,t,1979.8566,3130.283,82.36549,21.322643,0,2026-06-02 20:25:32.613653,2026-06-02 20:40:14.307
630,17,6,t,1640.0565,3130.5195,82,21.21319,0,2026-06-02 20:25:32.651932,2026-06-02 20:40:41.16
631,17,4,t,1555.4218,3130.2793,81.80665,21.157053,0,2026-06-02 20:25:32.652544,2026-06-02 20:40:45.51
632,17,24,t,2450.3354,3130.5425,106.29997,21.300058,0,2026-06-02 20:27:00.703555,2026-06-02 20:39:41.414
633,17,26,t,2559.6353,3130.616,105.93566,21.136751,0,2026-06-02 20:27:00.703786,2026-06-02 20:39:30.73
634,17,22,t,2341.2786,3130.4868,106.355484,21.033686,0,2026-06-02 20:27:00.703899,2026-06-02 20:39:48.547
635,17,28,t,2668.4707,3130.5425,106.01863,21.300058,0,2026-06-02 20:27:00.705685,2026-06-02 20:39:26.095
636,17,32,t,2886.2024,3130.5422,104.33298,20.978287,0,2026-06-02 20:27:00.709218,2026-06-02 20:39:07.998
637,17,30,t,2777.4224,3130.5803,105.58553,21.040186,0,2026-06-02 20:27:00.709401,2026-06-02 20:39:17.684
638,17,20,t,2233.759,3130.4805,104.35228,21.300058,0,2026-06-02 20:27:00.778953,2026-06-02 20:39:57.326
639,17,38,t,3202.6804,3130.1946,87.79897,21.375063,0,2026-06-02 20:29:07.815837,2026-06-02 20:37:20.726
640,17,42,t,3384.1284,3130.157,87.749435,21.253649,0,2026-06-02 20:29:07.817169,2026-06-02 20:37:05.462
641,17,44,t,3474.942,3130.1946,87.49849,21.273764,0,2026-06-02 20:29:07.817294,2026-06-02 20:37:00.46
642,17,46,t,3565.4272,3130.157,87.951614,21.253748,0,2026-06-02 20:29:07.818307,2026-06-02 20:36:44.958
643,17,40,t,3293.406,3130.3943,87.70009,21.074963,0,2026-06-02 20:29:07.819207,2026-06-02 20:37:13.22
644,17,52,t,3839.7285,3229.683,78.7,21.261044,0,2026-06-02 20:31:26.991533,2026-06-02 20:34:52.707
645,17,50,t,3757.547,3229.783,79.14987,21.011726,0,2026-06-02 20:31:26.991843,2026-06-02 20:35:10.9
646,17,54,t,3921.5093,3229.644,78.98757,21.174282,0,2026-06-02 20:31:26.993592,2026-06-02 20:34:41.18
647,17,64,t,4331.797,3229.6067,78.56091,21.137344,0,2026-06-02 20:31:26.993743,2026-06-02 20:33:31.163
648,17,58,t,4085.597,3229.6826,79.101425,21.011726,0,2026-06-02 20:31:26.994169,2026-06-02 20:34:13.303
649,17,62,t,4249.397,3229.7065,79.26091,21.011726,0,2026-06-02 20:31:26.999679,2026-06-02 20:33:46.059
650,17,56,t,4003.4377,3229.7827,79.05917,21.011726,0,2026-06-02 20:31:27.02561,2026-06-02 20:34:23.088
651,17,60,t,4167.4834,3229.583,79.01347,21.199959,0,2026-06-02 20:31:27.030606,2026-06-02 20:33:59.116
652,17,39,t,3293.319,3229.86,87.808044,21.074963,0,2026-06-02 20:35:38.319084,2026-06-02 20:37:48.671
653,17,43,t,3474.955,3229.859,87.49849,21.273764,0,2026-06-02 20:35:38.319294,2026-06-02 20:38:07.46
654,17,45,t,3565.5403,3229.9014,87.951614,21.084372,0,2026-06-02 20:35:38.319647,2026-06-02 20:38:21.29
655,17,41,t,3384.3416,3229.9014,87.48544,21.253649,0,2026-06-02 20:35:38.321781,2026-06-02 20:37:59.662
656,17,37,t,3202.5935,3229.9604,87.79897,20.925373,0,2026-06-02 20:35:38.327963,2026-06-02 20:37:34.073
657,17,29,t,2776.9968,3230.4114,106.011086,21.040186,0,2026-06-02 20:41:38.708355,2026-06-02 20:44:03.974
658,17,23,t,2450.1968,3230.3333,106.1,21.300058,0,2026-06-02 20:41:38.741195,2026-06-02 20:44:26.399
659,17,25,t,2559.2969,3230.1865,106,21.300135,0,2026-06-02 20:41:38.829683,2026-06-02 20:44:21.238
660,17,31,t,2886.0024,3230.3113,104.33298,21.075335,0,2026-06-02 20:41:38.835242,2026-06-02 20:43:59.201
661,17,19,t,2233.659,3230.1714,104.35228,21.300058,0,2026-06-02 20:41:38.837703,2026-06-02 20:44:37.557
662,17,21,t,2340.9785,3230.3113,106.355484,21.033686,0,2026-06-02 20:41:38.838269,2026-06-02 20:44:32.528
663,17,27,t,2668.1968,3230.2334,106,21.300058,0,2026-06-02 20:41:38.840034,2026-06-02 20:44:12.974
664,17,11,t,1895.1082,3229.8113,81.9137,21.300058,0,2026-06-02 20:44:52.28453,2026-06-02 20:46:49.238
665,17,5,t,1640.0565,3229.884,82.268814,21.21319,0,2026-06-02 20:44:52.284617,2026-06-02 20:46:36.876
666,17,7,t,1725.1565,3229.737,81.90001,21.299944,0,2026-06-02 20:44:52.284684,2026-06-02 20:46:33.024
667,17,15,t,2065.1252,3229.7112,81.20011,21.300058,0,2026-06-02 20:44:52.286959,2026-06-02 20:46:57.954
668,17,1,t,1470.2487,3229.6577,82.2,21.100065,0,2026-06-02 20:44:52.291011,2026-06-02 20:46:18.819
669,17,3,t,1555.4218,3229.5874,81.80665,21.157053,0,2026-06-02 20:44:52.292888,2026-06-02 20:46:23.419
670,17,13,t,1979.8566,3229.7566,82.36549,21.180344,0,2026-06-02 20:44:52.321622,2026-06-02 20:46:53.125
671,17,9,t,1809.9565,3229.8113,82.151794,21.300058,0,2026-06-02 20:44:52.323606,2026-06-02 20:46:43.114
672,18,2,t,4331.797,3259.944,78.56091,21.137344,0,2026-06-02 20:47:34.958202,2026-06-02 20:55:26.833
673,18,28,t,3202.6936,3259.6858,87.79897,20.925373,0,2026-06-02 20:47:34.959923,2026-06-02 20:56:47.519
674,18,16,t,3757.647,3259.8115,79.14987,21.294815,0,2026-06-02 20:47:34.962,2026-06-02 20:56:18.993
675,18,26,t,3293.419,3259.735,87.808044,21.074963,0,2026-06-02 20:47:34.961914,2026-06-02 20:56:42.838
676,18,14,t,3839.6514,3259.744,78.877235,21.261044,0,2026-06-02 20:47:34.962579,2026-06-02 20:56:00.968
677,18,8,t,4085.497,3259.9944,79.101425,21.011726,0,2026-06-02 20:47:34.962782,2026-06-02 20:55:44.209
678,18,34,t,2885.914,3260.1868,104.400185,21.29441,0,2026-06-02 20:47:34.995952,2026-06-02 20:56:56.089
679,18,36,t,2777.0967,3260.2517,106.011086,21.040186,0,2026-06-02 20:47:34.997066,2026-06-02 20:57:00.973
680,18,46,t,2233.714,3260.2715,104.397095,21.10971,0,2026-06-02 20:47:34.997693,2026-06-02 20:57:33.891
681,18,38,t,2668.2969,3260.3335,106,21.300058,0,2026-06-02 20:47:34.999058,2026-06-02 20:57:07.675
682,18,22,t,3475.055,3259.9329,87.49849,21.273764,0,2026-06-02 20:47:35.00044,2026-06-02 20:56:31.918
683,18,24,t,3384.3418,3259.955,87.48544,21.056612,0,2026-06-02 20:47:35.002078,2026-06-08 23:59:23.634
684,18,64,t,1470.3488,3259.958,82.2,21.100065,0,2026-06-02 20:47:35.028711,2026-06-02 20:52:42.721
685,18,60,t,1640.1565,3259.8972,82.268814,21.21319,0,2026-06-02 20:47:35.029638,2026-06-02 20:58:29.114
686,18,56,t,1810.0565,3259.9114,82.151794,21.300058,0,2026-06-02 20:47:35.033684,2026-06-02 20:58:02.453
687,18,40,t,2559.397,3260.2866,105.817184,21.300135,0,2026-06-02 20:47:35.034478,2026-06-02 20:57:18.798
688,18,42,t,2450.2969,3260.2812,106.1,21.200012,0,2026-06-02 20:47:35.035143,2026-06-02 20:57:23.073
689,18,58,t,1725.2565,3259.937,81.90001,21.199835,0,2026-06-02 20:47:35.036908,2026-06-02 20:58:12.436
690,18,44,t,2341.0786,3260.145,106.13558,21.136211,0,2026-06-02 20:47:35.06098,2026-06-02 20:57:27.606
691,18,52,t,1979.9565,3259.937,82.36549,21.300108,0,2026-06-02 20:47:35.061571,2026-06-02 20:57:51.461
692,18,62,t,1555.5219,3260.0444,81.80665,21.157053,0,2026-06-02 20:47:35.069332,2026-06-02 20:58:35.853
693,18,4,t,4249.497,3259.9182,79.26091,21.093412,0,2026-06-02 20:47:35.072786,2026-06-02 20:55:32.045
694,18,54,t,1895.2083,3259.9114,81.9137,21.125708,0,2026-06-02 20:47:35.073689,2026-06-02 20:57:56.405
695,18,50,t,2065.225,3260.037,81.20011,21.07425,0,2026-06-02 20:47:35.074305,2026-06-02 20:57:47.269
696,18,5,t,4167.5835,3259.883,79.01347,21.199959,0,2026-06-02 20:47:35.093268,2026-06-02 20:55:38.606
697,18,10,t,4003.5376,3259.9048,79.05917,21.300394,0,2026-06-02 20:47:35.094136,2026-06-03 20:27:32.373
698,18,12,t,3921.6094,3259.9185,78.98757,21.174282,0,2026-06-02 20:47:35.103941,2026-06-02 20:55:53.809
699,18,20,t,3565.6404,3259.786,87.81097,21.084372,0,2026-06-02 20:47:35.105751,2026-06-02 20:56:28.149
700,18,49,t,2067.215,3363.612,77.4,12.099999,0,2026-06-03 20:14:24.470623,2026-06-03 20:31:42.939
701,18,55,t,1812.2151,3363.7122,78.10003,12.000001,0,2026-06-03 20:14:24.470419,2026-06-03 20:30:41.741
702,18,51,t,1982.3152,3363.612,77.99999,12.099999,0,2026-06-03 20:14:24.470762,2026-06-03 20:31:23.848
703,18,63,t,1470.2037,3357.6924,82.2,21.100065,0,2026-06-03 20:14:24.53317,2026-06-03 20:15:08.107
704,18,53,t,1897.0151,3363.7122,78.1,12,0,2026-06-03 20:14:24.533968,2026-06-03 20:31:00.471
705,18,61,t,1555.3768,3357.8357,81.80665,21.157053,0,2026-06-03 20:14:24.53867,2026-06-03 20:15:27.155
706,18,59,t,1640.0115,3357.7449,82.268814,21.21319,0,2026-06-03 20:14:24.541709,2026-06-03 20:15:43.885
707,18,57,t,1727.2151,3363.7122,77.9,11.999923,0,2026-06-03 20:14:24.54305,2026-06-03 20:30:15.692
708,18,33,t,2886.1445,3357.472,104.16955,21.29441,0,2026-06-03 20:17:20.033588,2026-06-03 20:20:05.43
709,18,35,t,2777.3447,3357.3828,105.763145,21.344833,0,2026-06-03 20:17:20.033805,2026-06-03 20:19:53.506
710,18,43,t,2341.1445,3357.572,106.3,21.136211,0,2026-06-03 20:17:20.034852,2026-06-03 20:18:49.714
711,18,45,t,2233.714,3357.3718,104.397095,21.355833,0,2026-06-03 20:17:20.035125,2026-06-03 20:18:22.789
712,18,39,t,2559.6445,3357.5774,105.80014,21.300135,0,2026-06-03 20:17:20.035478,2026-06-03 20:19:25.113
713,18,41,t,2450.2969,3357.472,106.24774,21.200012,0,2026-06-03 20:17:20.069761,2026-06-03 20:19:06.459
714,18,37,t,2668.2969,3357.6243,106,21.300058,0,2026-06-03 20:17:20.103522,2026-06-03 20:19:33.321
715,18,19,t,3565.604,3358.2407,87.81097,21.084372,0,2026-06-03 20:20:36.745115,2026-06-03 20:23:18.47
716,18,27,t,3202.7573,3358.1814,87.79897,21.158714,0,2026-06-03 20:20:36.745925,2026-06-03 20:22:50.545
717,18,25,t,3293.3828,3358.1804,87.808044,21.074963,0,2026-06-03 20:20:36.746093,2026-06-03 20:22:55.834
718,18,23,t,3384.3054,3358.282,87.48544,21.056612,0,2026-06-03 20:20:36.746286,2026-06-03 20:23:07.878
719,18,21,t,3474.9187,3358.077,87.49849,21.273764,0,2026-06-03 20:20:36.746454,2026-06-03 20:23:13.863
720,18,9,t,4003.6008,3357.912,78.85969,21.170149,0,2026-06-03 20:23:45.635515,2026-06-03 20:28:43.793
721,18,3,t,4249.3604,3357.9546,79.26091,21.093412,0,2026-06-03 20:23:45.635926,2026-06-03 20:28:20.456
722,18,11,t,3921.473,3357.836,78.98757,21.174282,0,2026-06-03 20:23:45.637486,2026-06-03 20:28:50.003
723,18,13,t,3839.515,3357.748,78.877235,21.261044,0,2026-06-03 20:23:45.640308,2026-06-03 20:28:56.164
724,18,1,t,4331.661,3357.8242,78.73988,21.187862,0,2026-06-03 20:23:45.649726,2026-06-03 20:28:06.605
725,18,7,t,4085.5237,3357.9377,79,21.063063,0,2026-06-03 20:23:45.673257,2026-06-03 20:28:36.443
726,18,15,t,3757.5107,3357.849,79.14987,21.294815,0,2026-06-03 20:23:45.673845,2026-06-03 20:29:03.354
727,18,6,t,4167.447,3357.826,79.01347,21.199959,0,2026-06-03 20:23:45.734856,2026-06-03 20:28:23.822
728,19,26,t,2234.0312,3387.429,104.35228,21.300058,0,2026-06-03 20:32:14.400623,2026-06-03 20:43:56
729,19,54,t,3921.5457,3388.12,78.98757,21.174282,0,2026-06-03 20:32:14.465519,2026-06-03 20:50:11.022
730,19,62,t,4249.4697,3388.356,79.408,21.011726,0,2026-06-03 20:32:14.471965,2026-06-03 20:50:37.876
731,19,18,t,1895.1447,3387.8528,81.9137,21.300058,0,2026-06-03 20:32:14.478032,2026-06-03 20:43:30.363
732,19,60,t,4167.5195,3388.0847,79.01347,21.199959,0,2026-06-03 20:32:14.483808,2026-06-03 20:50:29.906
733,19,24,t,2065.1616,3387.8647,81.20011,21.300058,0,2026-06-03 20:32:14.483993,2026-06-03 20:43:38.988
734,19,56,t,4003.474,3388.096,79.05917,21.106798,0,2026-06-03 20:32:14.486247,2026-06-03 20:50:15.391
735,19,48,t,3565.6887,3388.0635,87.71684,21.084372,0,2026-06-03 20:32:14.498212,2026-06-03 20:47:28.121
736,19,30,t,2450.4573,3387.703,106.1,20.939798,0,2026-06-03 20:32:14.503053,2026-06-03 20:44:07.189
737,19,32,t,2559.5574,3387.4443,106,21.300135,0,2026-06-03 20:32:14.514015,2026-06-03 20:44:10.658
738,19,38,t,2886.151,3387.568,104.33298,21.075335,0,2026-06-03 20:32:14.518287,2026-06-03 20:44:31.25
739,19,34,t,2668.0977,3387.491,106,21.300058,0,2026-06-03 20:32:14.518853,2026-06-03 20:44:17.102
740,19,46,t,3474.9915,3388.0986,87.49849,21.273764,0,2026-06-03 20:32:14.522401,2026-06-03 20:47:19.702
741,19,40,t,3202.63,3388.1873,87.79897,20.925373,0,2026-06-03 20:32:14.529397,2026-06-03 20:47:01.52
742,19,50,t,3757.5833,3388.0964,79.14987,21.330399,0,2026-06-03 20:32:14.535803,2026-06-03 20:49:10.866
743,19,58,t,4085.6333,3388.108,79.101425,21.318798,0,2026-06-03 20:32:14.550402,2026-06-03 20:50:22.11
744,19,21,t,1980.005,3388.015,82.36549,21.180344,0,2026-06-03 20:32:14.55101,2026-06-03 20:43:34.169
745,19,12,t,1725.1929,3387.8906,81.90001,21.299944,0,2026-06-03 20:32:14.554143,2026-06-03 20:43:20.385
746,19,6,t,1555.4583,3388.0461,81.80665,21.157053,0,2026-06-03 20:32:14.558354,2026-06-03 20:43:11.533
747,19,28,t,2341.1016,3387.5266,106.38094,21.033686,0,2026-06-03 20:32:14.560946,2026-06-03 20:44:01.118
748,19,64,t,4331.8335,3388.0457,78.56091,21.381098,0,2026-06-03 20:32:14.565425,2026-06-03 20:50:44.488
749,19,52,t,3839.653,3388.2456,78.7,21.261044,0,2026-06-03 20:32:14.585877,2026-06-03 20:49:19.413
750,19,44,t,3384.378,3388.1206,87.48544,21.253649,0,2026-06-03 20:32:14.587314,2026-06-03 20:47:14.475
751,19,42,t,3293.3552,3388.2366,87.808044,21.074963,0,2026-06-03 20:32:14.589148,2026-06-03 20:47:08.977
752,19,9,t,1640.317,3387.951,81.98454,21.21319,0,2026-06-03 20:32:14.592193,2026-06-03 20:43:16.218
753,19,3,t,1470.2852,3388.0596,82.2,21.100065,0,2026-06-03 20:32:14.60259,2026-06-03 20:43:07.572
754,19,15,t,1810.1049,3387.8528,82.151794,21.300058,0,2026-06-03 20:32:14.605712,2026-06-03 20:43:24.503
755,19,36,t,2777.1216,3387.6333,105.81245,21.040186,0,2026-06-03 20:32:14.628907,2026-06-03 20:44:24.219
756,19,23,t,2065.2612,3487.4324,81.20011,21.07425,0,2026-06-03 20:32:14.697532,2026-06-03 20:42:58.828
757,19,8,t,1639.9453,3487.1838,82.268814,21.21319,0,2026-06-03 20:32:14.69938,2026-06-03 20:42:29.808
758,19,2,t,1470.3853,3487.379,82.2,21.100065,0,2026-06-03 20:32:14.700698,2026-06-03 20:42:20.473
759,19,5,t,1555.5583,3487.523,81.80665,21.157053,0,2026-06-03 20:32:14.702058,2026-06-03 20:42:24.373
760,19,25,t,2233.7502,3487.843,104.397095,21.10971,0,2026-06-03 20:32:14.702872,2026-06-03 20:46:24.416
761,19,27,t,2341.115,3487.743,106.27432,21.136211,0,2026-06-03 20:32:14.703555,2026-06-03 20:46:17.182
762,19,17,t,1895.2448,3487.358,81.9137,21.125708,0,2026-06-03 20:32:14.730668,2026-06-03 20:42:49.051
763,19,11,t,1725.2928,3487.4578,81.90001,21.199835,0,2026-06-03 20:32:14.732249,2026-06-03 20:42:36.664
764,19,14,t,1810.093,3487.5327,82.151794,21.300058,0,2026-06-03 20:32:14.734293,2026-06-03 20:42:45.092
765,19,20,t,1979.9928,3487.5583,82.36549,21.300108,0,2026-06-03 20:32:14.738039,2026-06-03 20:42:52.705
766,19,35,t,2777.133,3487.754,106.011086,21.040186,0,2026-06-03 20:32:14.73865,2026-06-03 20:45:34.659
767,19,31,t,2559.6858,3487.6487,105.817184,21.300135,0,2026-06-03 20:32:14.739511,2026-06-03 20:45:48.12
768,19,43,t,3384.3782,3487.602,87.48544,21.056612,0,2026-06-03 20:32:14.764544,2026-06-03 20:48:30.019
769,19,37,t,2886.0503,3487.7434,104.400185,21.29441,0,2026-06-03 20:32:14.766371,2026-06-03 20:45:28.892
770,19,45,t,3474.9863,3487.5964,87.60341,21.273764,0,2026-06-03 20:32:14.767341,2026-06-03 20:48:35.458
771,19,57,t,4085.5334,3487.4363,79.101425,21.011726,0,2026-06-03 20:32:14.776236,2026-06-03 20:51:34.459
772,19,55,t,4003.574,3487.5232,79.05917,21.080801,0,2026-06-03 20:32:14.776752,2026-06-03 20:52:02.911
773,19,59,t,4167.6196,3487.2896,79.01347,21.199959,0,2026-06-03 20:32:14.778552,2026-06-03 20:51:22.617
774,19,53,t,3921.6458,3487.4114,78.98757,21.174282,0,2026-06-03 20:32:14.800438,2026-06-03 20:52:25.877
775,19,63,t,4331.8335,3487.3994,78.56091,21.137344,0,2026-06-03 20:32:14.80187,2026-06-03 20:50:59.434
776,19,39,t,3202.73,3487.6013,87.79897,21.112553,0,2026-06-03 20:32:14.812392,2026-06-03 20:48:10.805
777,19,49,t,3757.4592,3487.3127,79.14987,21.294815,0,2026-06-03 20:32:14.815337,2026-06-03 20:53:18.776
778,19,33,t,2668.3333,3487.7478,106,21.300058,0,2026-06-03 20:32:14.891844,2026-06-03 20:45:40.14
779,19,51,t,3839.5757,3487.323,78.877235,21.261044,0,2026-06-03 20:32:14.94684,2026-06-03 20:53:04.889
780,19,61,t,4249.533,3487.33,79.26091,21.093412,0,2026-06-03 20:32:14.948815,2026-06-03 20:51:09.889
781,19,29,t,2450.3894,3487.7434,106.1,21.200012,0,2026-06-03 20:32:14.950552,2026-06-03 20:46:07.107
782,19,47,t,3565.6768,3487.5605,87.81097,21.084372,0,2026-06-03 20:32:14.956012,2026-06-03 20:48:39.461
783,19,41,t,3293.4553,3487.6003,87.808044,21.074963,0,2026-06-03 20:32:15.033027,2026-06-03 20:48:25.139
784,20,14,t,3839.4878,3517.8691,78.7,21.261044,0,2026-06-04 19:16:44.59206,2026-06-04 19:43:43.196
785,20,3,t,4249.3677,3616.786,79.26091,21.093412,0,2026-06-04 19:16:44.607986,2026-06-04 19:21:03.638
786,20,9,t,4003.409,3616.7178,79.05917,21.329554,0,2026-06-04 19:16:44.601243,2026-06-04 19:44:49.457
787,20,4,t,4249.304,3517.7302,79.408,21.011726,0,2026-06-04 19:16:44.615754,2026-06-04 19:43:12.582
788,20,2,t,4331.668,3517.7893,78.56091,21.381098,0,2026-06-04 19:16:44.829074,2026-06-04 19:43:08.241
789,20,12,t,3921.3804,3517.6567,78.98757,21.174282,0,2026-06-04 19:16:44.837656,2026-06-04 19:43:37.598
790,20,1,t,4331.668,3616.8994,78.70613,21.137344,0,2026-06-04 19:16:44.869235,2026-06-04 19:45:05.112
791,20,6,t,4167.3545,3517.6472,79.01347,21.199959,0,2026-06-04 19:16:44.87231,2026-06-04 19:43:23.507
792,20,11,t,3921.4805,3616.586,78.98757,21.536623,0,2026-06-04 19:16:44.882544,2026-06-04 19:44:42.535
793,20,8,t,4085.4683,3517.7893,79.101425,21.318798,0,2026-06-04 19:16:44.887838,2026-06-04 19:43:28.37
794,20,16,t,3757.418,3517.7893,79.14987,21.330399,0,2026-06-04 19:16:44.89734,2026-06-04 19:43:55.335
795,20,13,t,3839.5159,3616.736,78.877235,21.261044,0,2026-06-04 19:16:44.907545,2026-06-04 19:44:15.015
796,20,10,t,4003.3088,3517.5657,79.05917,21.106798,0,2026-06-04 19:16:44.912185,2026-06-04 19:43:33.789
797,20,5,t,4167.4546,3616.852,79.01347,21.199959,0,2026-06-04 19:16:44.912956,2026-06-04 19:21:09.273
798,20,7,t,4085.3682,3616.8105,79.101425,21.011726,0,2026-06-04 19:16:44.923948,2026-06-04 19:21:14.094
799,20,15,t,3757.7031,3616.7595,78.796104,21.294815,0,2026-06-04 19:16:45.133249,2026-06-04 19:44:07.741
800,20,22,t,3384.204,3517.551,87.48544,21.253649,0,2026-06-04 19:45:21.827039,2026-06-04 19:46:40.952
801,20,18,t,3565.397,3517.6782,87.92242,21.084372,0,2026-06-04 19:45:21.825733,2026-06-04 19:46:34.626
802,20,23,t,3293.374,3616.7847,87.808044,21.074963,0,2026-06-04 19:45:21.826091,2026-06-04 19:48:19.524
803,20,21,t,3384.3428,3616.6628,87.54455,21.27084,0,2026-06-04 19:45:21.827316,2026-06-04 19:48:14.208
804,20,25,t,3202.5435,3616.718,87.79897,21.112553,0,2026-06-04 19:45:21.891169,2026-06-04 19:48:23.205
805,20,24,t,3293.299,3517.6062,87.808044,21.074963,0,2026-06-04 19:45:21.892852,2026-06-04 19:46:47.087
806,20,26,t,3202.6917,3517.643,87.79897,20.925373,0,2026-06-04 19:45:21.899411,2026-06-04 19:46:52.014
807,20,20,t,3474.9353,3517.4312,87.49849,21.273764,0,2026-06-04 19:45:21.903902,2026-06-04 19:46:37.724
808,20,17,t,3565.4902,3616.7542,87.81097,21.084372,0,2026-06-04 19:45:21.908557,2026-06-04 19:47:11.924
809,20,19,t,3474.7998,3616.5586,87.60341,21.273764,0,2026-06-04 19:45:21.909543,2026-06-04 19:48:10.394
810,20,40,t,2234.0312,3517.6897,104.35228,21.300058,0,2026-06-04 19:49:04.226833,2026-06-04 19:53:52.443
811,20,29,t,2777.133,3616.4988,106.011086,21.390991,0,2026-06-04 19:49:04.22785,2026-06-04 19:52:15.972
812,20,31,t,2668.3333,3616.7217,106,20.994766,0,2026-06-04 19:49:04.229203,2026-06-04 19:52:24.199
813,20,28,t,2886.151,3517.804,104.33298,21.075335,0,2026-06-04 19:49:04.229417,2026-06-04 19:53:08.539
814,20,27,t,2886.1624,3616.6306,104.400185,21.29441,0,2026-06-04 19:49:04.230756,2026-06-04 19:52:11.735
815,20,33,t,2559.6858,3616.7654,105.817184,21.124392,0,2026-06-04 19:49:04.232439,2026-06-04 19:52:31.835
816,20,39,t,2233.7502,3616.5454,104.397095,21.10971,0,2026-06-04 19:49:04.352432,2026-06-04 19:52:52.216
817,20,36,t,2450.4573,3517.8035,106.1,20.939798,0,2026-06-04 19:49:04.433028,2026-06-04 19:53:40.83
818,20,38,t,2341.1016,3517.721,106.38094,21.033686,0,2026-06-04 19:49:04.433755,2026-06-04 19:53:46.569
819,20,34,t,2559.3364,3517.805,106,21.015697,0,2026-06-04 19:49:04.436132,2026-06-04 19:53:27.09
820,20,32,t,2668.525,3517.6516,105.67295,21.300058,0,2026-06-04 19:49:04.436821,2026-06-04 19:53:21.127
821,20,37,t,2341.115,3616.5837,106.27432,21.136211,0,2026-06-04 19:49:04.437603,2026-06-04 19:52:44.954
822,20,35,t,2450.5066,3616.461,106.1,21.200012,0,2026-06-04 19:49:04.438767,2026-06-06 15:47:42.731
823,20,30,t,2777.1216,3517.8342,105.903244,21.040186,0,2026-06-04 19:49:04.466871,2026-06-04 19:53:13.203
824,19,1,t,1470.3062,3517.7703,82.2,21.100065,0,2026-06-04 19:54:12.707069,2026-06-04 20:00:07.103
825,19,4,t,1555.3793,3517.8137,81.80665,21.157053,0,2026-06-04 19:54:12.707216,2026-06-04 20:00:00.55
826,20,41,t,2064.6982,3616.6953,81.69529,10.990398,0,2026-06-04 19:54:12.711405,2026-06-06 16:15:55.774
827,19,10,t,1725.1935,3517.801,82.12059,21.03884,0,2026-06-04 19:54:12.713065,2026-06-04 19:59:49.511
828,20,45,t,1725.0156,3616.5962,81.80002,10.912042,0,2026-06-04 19:54:12.713308,2026-06-06 16:15:55.791
829,19,16,t,1895.2657,3517.7634,81.9137,21.300058,0,2026-06-04 19:54:12.713411,2026-06-04 19:59:37.171
830,20,48,t,1470.2703,3616.7097,82.2,10.698542,0,2026-06-04 19:54:12.769623,2026-06-06 16:15:55.86
831,20,46,t,1640.1664,3616.8074,81.971085,10.6008415,0,2026-06-04 19:54:12.782936,2026-06-06 16:15:55.787
832,19,13,t,1810.026,3517.7634,82.151794,21.300058,0,2026-06-04 19:54:12.783737,2026-06-04 19:59:40.668
833,19,22,t,2065.3826,3517.7754,81.20011,21.300058,0,2026-06-04 19:54:12.785634,2026-06-04 19:59:25.388
834,20,44,t,1809.9781,3616.6594,81.951385,10.848842,0,2026-06-04 19:54:12.787105,2026-06-06 16:15:55.782
835,20,43,t,1894.8938,3616.77,81.9137,10.738241,0,2026-06-04 19:54:12.788888,2026-06-06 16:15:55.781
836,19,7,t,1640.1381,3517.775,81.98454,21.21319,0,2026-06-04 19:54:12.805405,2026-06-04 19:59:55.321
837,19,19,t,1980.0261,3517.806,82.36549,21.180344,0,2026-06-04 19:54:12.81511,2026-06-04 19:59:30.46
838,20,42,t,1979.5419,3616.797,82.36549,10.78344,0,2026-06-04 19:54:12.817592,2026-06-06 16:15:55.779
839,20,47,t,1555.3314,3616.8074,81.80665,10.6008415,0,2026-06-04 19:54:12.81933,2026-06-06 16:15:55.858
840,21,1,t,1470.3157,3628.0083,82.19992,9.8,0,2026-06-06 15:50:28.138568,2026-06-06 15:51:00.291
841,21,3,t,1555.3157,3628.0083,81.79988,9.8,0,2026-06-06 15:51:19.785756,2026-06-06 15:51:48.388
842,21,5,t,1640.0156,3628.1082,81.99986,9.7,0,2026-06-06 15:51:50.4489,2026-06-06 15:52:15.352
843,21,7,t,1725.0156,3628.1082,81.79984,9.7,0,2026-06-06 15:52:35.173163,2026-06-06 15:52:55.471
844,21,9,t,1809.9154,3628.1082,81.79984,9.7,0,2026-06-06 15:53:10.747523,2026-06-06 15:53:20.352
845,21,11,t,1894.7152,3628.1082,81.79984,9.7,0,2026-06-06 15:53:43.48612,2026-06-06 15:53:57.02
846,21,13,t,1979.515,3628.1082,82.17766,9.7,0,2026-06-06 15:54:17.126086,2026-06-06 15:54:51.149
847,21,15,t,2064.6926,3628.1082,81.677605,9.7,0,2026-06-06 15:54:56.744893,2026-06-06 15:55:14.064
854,21,,t,1493.1606,3714.8574,78.961,20.69997,0,2026-06-06 15:55:57.094489,2026-06-23 01:32:14.727
856,21,,t,1575.1251,3715.0088,79.464745,20.548601,0,2026-06-06 15:57:20.102722,2026-06-23 01:32:14.825
857,21,,t,1657.475,3715.0088,78.77628,20.548601,0,2026-06-06 15:57:37.061403,2026-06-23 01:32:14.909
858,21,,t,1739.1364,3715.0088,79.52896,20.548601,0,2026-06-06 15:57:46.211759,2026-06-23 01:32:14.91
859,21,,t,1821.6759,3715.0088,79.02722,20.548601,0,2026-06-06 15:58:05.142477,2026-06-23 01:32:14.906
860,21,,t,1903.5812,3715.0088,79.15968,20.548601,0,2026-06-06 15:58:16.788628,2026-06-23 01:32:14.959
861,21,,t,1985.6189,3715.0088,79.15968,20.548601,0,2026-06-06 15:58:34.990587,2026-06-23 01:32:14.957
862,21,,t,2067.7822,3715.0088,79.15968,20.548601,0,2026-06-06 15:58:42.236661,2026-06-23 01:32:14.955
863,21,,t,2233.8938,3714.1997,120.66161,21.086605,0,2026-06-06 16:03:07.013955,2026-06-23 01:32:14.956
864,21,,t,2357.6475,3714.1997,121.34584,21.086605,0,2026-06-06 16:03:52.880296,2026-06-23 01:32:14.726
865,21,,t,2481.9802,3714.1997,126.14547,21.086605,0,2026-06-06 16:04:07.775702,2026-06-23 01:32:14.725
866,21,,t,2611.0864,3714.1997,124.7456,21.086605,0,2026-06-06 16:04:25.560716,2026-06-23 01:32:14.728
867,21,,t,2738.9902,3714.1997,124.35083,21.086605,0,2026-06-06 16:04:46.228266,2026-06-23 01:32:14.729
868,21,,t,2866.499,3714.1997,123.95606,21.086605,0,2026-06-06 16:04:59.506855,2026-06-23 01:32:15.011
869,21,,t,3249.3083,3715.4785,98.825294,21.214413,0,2026-06-06 16:05:28.844085,2026-06-23 01:32:15.004
870,21,,t,3208.9385,3715.6191,37.48053,21.073864,0,2026-06-06 16:06:05.787897,2026-06-23 01:32:15.008
871,21,,t,3351.0334,3715.5786,98.825294,21.214413,0,2026-06-06 16:06:55.813524,2026-06-23 01:32:15.003
872,21,,t,3452.8586,3715.4785,98.825294,21.214413,0,2026-06-06 16:07:09.33798,2026-06-23 01:32:15.012
873,21,,t,3554.484,3715.5786,98.825294,21.214413,0,2026-06-06 16:07:23.895164,2026-06-23 01:32:14.962
874,21,,t,3776.078,3716.015,87.41713,20.5634,0,2026-06-06 16:07:57.424007,2026-06-23 01:32:14.958
875,21,,t,3866.897,3716.015,88.01527,20.5634,0,2026-06-06 16:08:31.635833,2026-06-23 01:32:14.907
876,21,,t,3958.321,3715.915,87.306595,20.5634,0,2026-06-06 16:08:58.593218,2026-06-23 01:32:14.908
877,21,,t,4048.8276,3715.915,88.093376,20.5634,0,2026-06-06 16:09:20.034747,2026-06-23 01:32:14.911
878,21,,t,4140.321,3715.915,87.699974,20.5634,0,2026-06-06 16:09:41.687238,2026-06-23 01:32:14.721
879,21,,t,4231.421,3715.915,87.699974,20.5634,0,2026-06-06 16:10:04.535348,2026-06-23 01:32:15.045
880,21,,t,4322.421,3715.915,87.699974,20.5634,0,2026-06-06 16:10:21.664589,2026-06-23 01:32:15.01
881,22,,t,1657.475,3744.7405,78.77628,20.548601,0,2026-06-06 16:16:42.556969,2026-06-23 01:32:15.058
882,22,,t,1739.1364,3744.7405,79.52896,20.548601,0,2026-06-06 16:16:42.558579,2026-06-23 01:32:15.063
883,22,,t,2067.6821,3744.8403,79.15968,20.548601,0,2026-06-06 16:16:42.559504,2026-06-23 01:32:15.062
884,22,,t,1821.6759,3744.9404,79.02722,20.548601,0,2026-06-06 16:16:42.55975,2026-06-23 01:32:15.06
885,22,,t,1575.1251,3744.8403,79.464745,20.548601,0,2026-06-06 16:16:42.560153,2026-06-23 01:32:15.088
886,22,,t,1903.5812,3744.8403,79.15968,20.548601,0,2026-06-06 16:16:42.56217,2026-06-23 01:32:15.094
887,22,,t,1493.1606,3744.717,78.961,20.599998,0,2026-06-06 16:16:42.602318,2026-06-23 01:32:15.105
888,22,,t,1985.6189,3744.8406,79.15968,20.548601,0,2026-06-06 16:16:42.602907,2026-06-23 01:32:15.112
889,22,,t,1337.0048,3922.8608,111.66145,27.500141,0,2026-06-06 16:19:34.662588,2026-06-23 01:31:30.731
890,22,,t,1451.772,3922.8608,108.380165,27.500141,0,2026-06-06 16:22:32.919316,2026-06-23 01:31:30.769
891,22,,t,1562.9048,3922.8608,110.519615,27.500141,0,2026-06-06 16:22:54.429515,2026-06-23 01:31:30.784
892,22,,t,1676.428,3922.8608,116.03897,27.500141,0,2026-06-06 16:23:16.300965,2026-06-23 01:31:30.783
893,22,,t,1795.4705,3922.8608,109.39071,27.500141,0,2026-06-06 16:23:32.911974,2026-06-23 01:31:30.785
894,22,,t,1907.8718,3922.8608,110.26174,27.500141,0,2026-06-06 16:23:52.818636,2026-06-23 01:31:30.563
895,22,,t,2021.388,3922.8608,110.26174,27.500141,0,2026-06-06 16:24:12.839406,2026-06-23 01:31:30.565
896,22,,t,2134.6533,3922.9863,112.65911,27.500141,0,2026-06-06 16:24:28.080985,2026-06-23 01:31:30.724
897,22,,t,2250.4417,3922.7354,115.91327,27.500141,0,2026-06-06 16:24:45.348877,2026-06-23 01:31:30.564
898,22,,t,2369.3655,3922.7354,109.38371,27.500141,0,2026-06-06 16:25:25.199457,2026-06-23 01:31:30.68
899,22,,t,2481.753,3922.8608,109.38371,27.500141,0,2026-06-06 16:25:39.372626,2026-06-23 01:31:30.791
900,22,,t,2594.015,3922.8608,112.784134,27.500141,0,2026-06-06 16:25:54.650293,2026-06-23 01:31:30.785
901,22,,t,2709.5588,3922.8608,110.512634,27.500141,0,2026-06-06 16:26:12.882537,2026-06-23 01:31:30.917
902,22,,t,2823.333,3922.8608,106.87488,27.500141,0,2026-06-06 16:26:31.14819,2026-06-23 01:31:30.925
903,22,,t,2933.2114,3922.8608,113.90645,27.500141,0,2026-06-06 16:26:48.0332,2026-06-23 01:31:30.729
904,22,,t,3050.1216,3922.9863,116.666016,27.500141,0,2026-06-06 16:27:04.104254,2026-06-23 01:31:30.728
905,22,,t,3169.791,3922.9863,116.666016,27.500141,0,2026-06-06 16:27:19.948773,2026-06-23 01:31:30.726
906,22,,t,3353.047,3922.8318,121.67603,27.500141,0,2026-06-06 16:28:44.144352,2026-06-23 01:31:30.73
907,22,,t,3477.823,3922.8318,121.372314,27.500141,0,2026-06-06 16:29:14.164707,2026-06-23 01:31:30.678
908,22,,t,3602.2954,3922.8318,121.499916,27.500141,0,2026-06-06 16:29:36.823732,2026-06-23 01:31:30.676
909,22,,t,3726.7954,3922.8318,120.39992,27.500141,0,2026-06-06 16:29:50.944099,2026-06-23 01:31:30.928
910,22,,t,3850.0952,3922.932,123.000114,27.500141,0,2026-06-06 16:30:11.645163,2026-06-23 01:31:30.929
911,22,,t,3976.0952,3922.932,121.400116,27.500141,0,2026-06-06 16:30:30.584872,2026-06-23 01:31:30.569
912,22,,t,4100.695,3922.932,121.400116,27.500141,0,2026-06-06 16:30:57.38175,2026-06-23 01:31:30.574
913,22,,t,4225.295,3922.9512,121.70032,27.399988,0,2026-06-06 16:31:14.091922,2026-06-23 01:31:30.573
914,22,,t,4350.095,3922.9512,121.100006,27.399988,0,2026-06-06 16:31:41.852292,2026-06-23 01:31:30.679
915,22,,t,4474.2217,3922.9512,121.67346,27.399988,0,2026-06-06 16:32:05.171908,2026-06-23 01:31:30.677
916,22,,t,4598.895,3922.9512,121.67346,27.399988,0,2026-06-06 16:32:28.525742,2026-06-23 01:31:30.675
917,22,,t,4723.4604,3937.827,91.00019,12.5243435,0,2026-06-06 16:32:53.207442,2026-06-23 01:31:30.964
918,22,,t,2357.6475,3744.2864,121.34584,21.086605,0,2026-06-06 16:33:55.147221,2026-06-23 01:32:15.117
919,22,,t,2866.499,3744.2864,123.95606,21.086605,0,2026-06-06 16:33:55.231317,2026-06-23 01:32:15.116
920,22,,t,2738.9902,3744.2864,124.35083,21.086605,0,2026-06-06 16:33:55.247677,2026-06-23 01:32:15.138
921,22,,t,2233.8938,3744.2864,120.66161,21.086605,0,2026-06-06 16:33:55.251711,2026-06-23 01:32:15.138
922,22,,t,2611.0864,3744.2864,124.7456,21.086605,0,2026-06-06 16:33:55.25666,2026-06-23 01:32:15.15
923,22,,t,2481.9802,3744.2864,126.14547,21.086605,0,2026-06-06 16:33:55.265028,2026-06-23 01:32:15.157
924,22,,t,3452.9585,3745.493,98.57781,21.214413,0,2026-06-06 16:35:22.222677,2026-06-23 01:32:15.16
925,22,,t,3351.1333,3745.493,98.825294,21.214413,0,2026-06-06 16:35:22.223803,2026-06-23 01:32:15.161
926,22,,t,3209.0386,3745.493,37.48053,21.073864,0,2026-06-06 16:35:22.223954,2026-06-23 01:32:15.187
927,22,,t,3249.4082,3745.493,98.825294,21.214413,0,2026-06-06 16:35:22.224493,2026-06-23 01:32:15.186
928,22,,t,3554.584,3745.4053,98.825294,21.3,0,2026-06-06 16:35:22.226095,2026-06-23 01:32:15.051
929,22,,t,3776.078,3745.6785,87.41713,20.5634,0,2026-06-06 16:37:04.651439,2026-06-23 01:32:15.197
930,22,,t,3866.897,3745.6785,88.01527,20.5634,0,2026-06-06 16:37:04.763555,2026-06-23 01:32:15.199
931,22,,t,4048.8276,3745.5786,88.093376,20.673773,0,2026-06-06 16:37:04.766534,2026-06-23 01:32:15.204
932,22,,t,3958.321,3745.5786,87.306595,20.673773,0,2026-06-06 16:37:04.768028,2026-06-23 01:32:15.207
933,22,,t,4231.421,3745.5786,87.699974,20.573774,0,2026-06-06 16:37:04.769992,2026-06-23 01:32:15.231
934,22,,t,4140.321,3745.5786,87.699974,20.673773,0,2026-06-06 16:37:04.774221,2026-06-23 01:32:15.233
935,22,,t,4322.421,3745.6523,87.699974,20.600073,0,2026-06-06 16:37:04.824163,2026-06-23 01:32:15.243
953,12,45,t,2233.71,2583.415,104.35228,21.300058,0,2026-06-07 02:02:14.993217,2026-06-26 20:06:11.289
954,12,39,t,2559.4033,2583.3772,106.01863,21.300058,0,2026-06-07 02:02:15.001871,2026-06-26 20:06:11.153
955,12,41,t,2450.285,2583.277,106.01863,21.300058,0,2026-06-07 02:02:15.002711,2026-06-26 20:06:11.213
956,12,43,t,2341.1663,2583.3772,106.01863,21.300058,0,2026-06-07 02:02:15.004734,2026-06-26 20:06:11.252
957,12,37,t,2668.2217,2583.277,106.01863,21.300058,0,2026-06-07 02:02:15.037477,2026-06-26 20:06:11.106
958,12,35,t,2777.1404,2583.177,106.01863,21.300058,0,2026-06-07 02:02:15.044644,2026-06-26 20:06:11.061
959,12,33,t,2886.1587,2583.477,104.15479,21.300058,0,2026-06-07 02:02:15.051337,2026-06-26 20:06:11.025
967,12,46,t,2237.2502,2485.634,103.34644,21.300058,0,2026-06-07 02:03:25.256443,2026-06-26 20:08:05.543
968,12,40,t,2561.1729,2485.5962,104.71369,21.300058,0,2026-06-07 02:03:25.257496,2026-06-26 20:06:59.421
969,12,44,t,2344.2764,2485.5962,104.85148,21.300058,0,2026-06-07 02:03:25.258745,2026-06-26 20:07:16.184
970,12,38,t,2669.573,2485.496,105.131996,21.300058,0,2026-06-07 02:03:25.258863,2026-06-26 20:06:59.384
971,12,42,t,2452.6729,2485.496,104.899994,21.300058,0,2026-06-07 02:03:25.260125,2026-06-26 20:06:59.458
972,12,36,t,2778.373,2485.6775,104.39997,21.018661,0,2026-06-07 02:03:25.260325,2026-06-26 20:06:59.347
973,12,34,t,2886.6233,2485.696,103.149635,21.081396,0,2026-06-07 02:03:25.302623,2026-06-26 20:06:59.31
974,11,2,t,2237.546,2455.6824,102.99039,21.300058,0,2026-06-07 02:04:00.235383,2026-06-26 20:18:48.212
975,11,1,t,2237.3596,2355.38,103.257805,21.300058,0,2026-06-07 02:04:00.236014,2026-06-26 20:16:56.603
976,11,3,t,2344.4854,2355.342,104.61696,21.300058,0,2026-06-07 02:04:00.237892,2026-06-26 20:16:56.639
977,11,5,t,2452.8398,2355.242,104.76809,21.300058,0,2026-06-07 02:04:00.240415,2026-06-26 20:16:56.678
978,11,4,t,2343.9807,2455.7925,105.08703,21.300058,0,2026-06-07 02:04:00.241304,2026-06-26 20:18:48.262
979,11,6,t,2452.6328,2455.6924,104.740234,21.300058,0,2026-06-07 02:04:00.241751,2026-06-26 20:18:48.299
980,11,8,t,2561.073,2455.7925,104.75369,21.300058,0,2026-06-07 02:04:00.27977,2026-06-26 20:18:48.336
981,11,7,t,2561.12,2355.342,104.86784,21.300058,0,2026-06-07 02:04:00.292782,2026-06-26 20:16:56.713
982,11,10,t,2669.373,2455.6924,105.2719,21.300058,0,2026-06-07 02:04:00.293504,2026-06-26 20:18:48.382
983,11,11,t,2778.5078,2355.3928,104.24058,21.073954,0,2026-06-07 02:04:00.296166,2026-06-26 20:16:56.785
984,11,9,t,2669.6257,2355.242,105.11872,21.300058,0,2026-06-07 02:04:00.296804,2026-06-26 20:16:56.749
985,11,12,t,2778.373,2455.5923,104.39993,21.300058,0,2026-06-07 02:04:00.29795,2026-06-26 20:18:48.422
986,11,14,t,2886.5632,2455.8923,103.10973,21.085096,0,2026-06-07 02:04:00.325787,2026-06-26 20:18:48.46
987,11,13,t,2886.7068,2355.442,102.91645,21.024754,0,2026-06-07 02:04:00.329933,2026-06-26 20:16:56.822
988,10,37,t,2344.1091,2325.5425,104.993195,21.194975,0,2026-06-07 02:04:49.294681,2026-06-26 20:22:00.55
989,10,39,t,2237.3596,2325.3298,103.11166,21.300058,0,2026-06-07 02:04:49.296743,2026-06-26 20:22:00.587
990,10,29,t,2778.3823,2325.3423,104.36608,21.300058,0,2026-06-07 02:04:49.29855,2026-06-26 20:22:00.389
991,10,35,t,2452.74,2325.4424,104.742455,21.044193,0,2026-06-07 02:04:49.300232,2026-06-26 20:22:00.512
992,10,33,t,2561.12,2325.5425,104.69632,21.069534,0,2026-06-07 02:04:49.301986,2026-06-26 20:22:00.476
993,10,31,t,2669.5005,2325.4424,105.13446,21.300058,0,2026-06-07 02:04:49.304683,2026-06-26 20:22:00.438
994,10,27,t,2886.5532,2325.2874,103.195496,21.324635,0,2026-06-07 02:04:49.338997,2026-06-26 20:22:00.354
995,24,,t,2480.0852,3979.3562,2240.2756,27.40444,0,2026-06-09 00:01:11.564498,2026-06-23 01:31:30.93
996,24,,t,2480.5166,4099.9824,2240.2756,27.40444,0,2026-06-09 00:02:13.307462,2026-06-23 01:31:30.926
997,6,1,t,3757.3474,1558.1047,142.00641,204.1,0,2026-06-09 00:03:22.272928,2026-06-09 00:04:37.963
998,0,,t,1263.5266,3377.3962,34.87926,125.27022,0,2026-06-09 00:05:40.838431,2026-06-23 01:31:12.648
999,12,27,t,3202.6572,2583.3667,87.700005,21.011726,0,2026-06-10 22:38:19.009662,2026-06-26 20:08:58.764
1000,12,25,t,3293.3455,2583.2666,87.79897,21.011726,0,2026-06-10 22:38:19.088232,2026-06-26 20:08:58.723
1001,12,19,t,3565.5767,2583.2666,87.86852,21.086384,0,2026-06-10 22:38:19.095096,2026-06-26 20:08:58.605
1002,12,23,t,3384.1453,2583.2666,87.71183,21.011726,0,2026-06-10 22:38:19.101098,2026-06-26 20:08:58.684
1003,12,21,t,3474.957,2583.324,87.57023,21.011726,0,2026-06-10 22:38:19.10271,2026-06-26 20:08:58.645
1004,12,22,t,3474.8677,2485.665,87.57023,21.011726,0,2026-06-10 23:01:41.707491,2026-06-26 20:09:39.233
1005,12,20,t,3565.4875,2485.6826,87.86852,21.086384,0,2026-06-10 23:01:41.71868,2026-06-26 20:09:39.196
1006,12,24,t,3384.256,2485.608,87.71183,21.011726,0,2026-06-10 23:01:41.718984,2026-06-26 20:09:39.276
1007,12,26,t,3293.456,2485.708,87.79897,21.011726,0,2026-06-10 23:01:41.719369,2026-06-26 20:09:39.315
1008,12,28,t,3202.668,2485.708,87.700005,21.011726,0,2026-06-10 23:01:41.795011,2026-06-26 20:09:39.352
1009,11,25,t,3474.808,2355.37,87.57023,21.011726,0,2026-06-10 23:02:51.148485,2026-06-26 20:16:26.464
1010,11,21,t,3293.3965,2355.413,87.79897,21.011726,0,2026-06-10 23:02:51.14835,2026-06-26 20:16:26.386
1011,11,19,t,3202.6084,2355.413,87.700005,21.011726,0,2026-06-10 23:02:51.149427,2026-06-26 20:16:26.347
1012,11,23,t,3384.1963,2355.3127,87.71183,21.011726,0,2026-06-10 23:02:51.149597,2026-06-26 20:16:26.424
1013,11,27,t,3565.428,2355.4622,87.86852,21.086384,0,2026-06-10 23:02:51.149713,2026-06-26 20:16:26.501
1014,11,26,t,3474.8975,2455.729,87.57023,21.011726,0,2026-06-10 23:02:51.231512,2026-06-26 20:15:31.299
1015,11,28,t,3565.517,2455.5461,87.86852,21.223377,0,2026-06-10 23:02:51.232183,2026-06-26 20:15:31.339
1016,11,22,t,3293.4941,2455.7058,87.79897,21.011726,0,2026-06-10 23:02:51.244069,2026-06-26 20:15:31.214
1017,11,24,t,3384.2856,2455.7712,87.71183,21.011726,0,2026-06-10 23:02:51.244983,2026-06-26 20:15:31.253
1018,11,20,t,3202.5977,2455.5696,87.94958,21.199877,0,2026-06-10 23:02:51.252728,2026-06-26 20:15:31.178
1019,10,25,t,3202.4424,2325.1794,87.700005,21.011726,0,2026-06-10 23:03:30.941514,2026-06-26 20:21:32.17
1020,10,23,t,3293.2305,2325.1794,87.79897,21.011726,0,2026-06-10 23:03:30.944916,2026-06-26 20:21:32.135
1021,10,17,t,3565.262,2325.3032,87.86852,21.086384,0,2026-06-10 23:03:30.94531,2026-06-26 20:21:32.024
1022,10,21,t,3384.0303,2325.079,87.71183,21.011726,0,2026-06-10 23:03:30.946969,2026-06-26 20:21:32.098
1023,10,19,t,3474.6418,2325.1367,87.57023,21.011726,0,2026-06-10 23:03:30.947829,2026-06-26 20:21:32.06
1024,12,12,t,3921.1772,2485.5918,78.6,21.267479,0,2026-06-11 20:21:55.527101,2026-06-26 20:10:40.496
1025,12,13,t,3839.827,2583.253,78.42341,21.476362,0,2026-06-11 20:21:55.526225,2026-06-26 20:11:19.313
1026,12,16,t,3759.2297,2485.5117,77.81082,21.281256,0,2026-06-11 20:21:55.523151,2026-06-26 20:10:40.596
1027,12,15,t,3759.0298,2583.253,77.90861,21.36436,0,2026-06-11 20:21:55.525616,2026-06-26 20:11:19.352
1028,12,11,t,3921.4082,2583.1885,78.60221,21.540861,0,2026-06-11 20:21:55.543996,2026-06-26 20:11:19.274
1029,12,14,t,3839.869,2485.5117,78.7,21.281256,0,2026-06-11 20:21:55.554241,2026-06-26 20:10:40.542
1030,12,10,t,4002.8772,2485.6914,78.6,21.191479,0,2026-06-11 20:21:55.759088,2026-06-26 20:10:40.457
1031,12,5,t,4166.071,2583.253,78.54741,21.36436,0,2026-06-11 20:21:55.760486,2026-06-26 20:11:19.082
1032,12,8,t,4084.4773,2485.5918,78.87265,21.09148,0,2026-06-11 20:21:55.762001,2026-06-26 20:10:40.152
1033,12,7,t,4084.6658,2583.253,78.19261,21.36436,0,2026-06-11 20:21:55.764142,2026-06-26 20:11:19.119
1034,12,9,t,4002.9727,2583.141,78.7,21.476362,0,2026-06-11 20:21:55.766006,2026-06-26 20:11:19.237
1035,12,6,t,4166.225,2485.593,78.32495,21.389923,0,2026-06-11 20:21:55.768036,2026-06-26 20:10:40.111
1036,12,4,t,4247.645,2485.6914,79.10495,21.36748,0,2026-06-11 20:21:55.799316,2026-06-26 20:10:40.07
1037,12,1,t,4329.1284,2583.1643,79.23401,21.565062,0,2026-06-11 20:21:55.800542,2026-06-26 20:11:18.999
1038,12,3,t,4247.4185,2583.2253,78.58194,21.350407,0,2026-06-11 20:21:55.802434,2026-06-26 20:11:19.04
1039,12,2,t,4329.75,2485.5918,78.4183,21.267479,0,2026-06-11 20:21:55.803349,2026-06-26 20:10:40.014
1040,11,41,t,4156.8257,2355.7026,81.889206,21.030315,0,2026-06-12 20:01:35.329791,2026-06-26 20:14:51.569
1041,11,44,t,4247.784,2455.4956,78.58194,21.350407,0,2026-06-12 20:01:35.329643,2026-06-26 20:13:56.927
1042,11,46,t,4329.194,2455.749,79.23401,21.565062,0,2026-06-12 20:01:35.328482,2026-06-26 20:13:56.965
1043,11,43,t,4241.426,2355.5789,82.09985,20.954014,0,2026-06-12 20:01:35.329286,2026-06-26 20:14:51.61
1044,11,42,t,4166.136,2455.6375,78.54741,21.36436,0,2026-06-12 20:01:35.326407,2026-06-26 20:13:56.892
1045,11,45,t,4326.426,2355.5793,81.80796,21.153614,0,2026-06-12 20:01:35.327594,2026-06-26 20:14:51.648
1046,11,40,t,4084.431,2455.6375,78.59474,21.36436,0,2026-06-12 20:01:35.669451,2026-06-26 20:13:56.856
1047,11,39,t,4072.0256,2355.6035,81.90014,21.09148,0,2026-06-12 20:01:35.67065,2026-06-26 20:14:51.517
1048,11,38,t,4002.738,2455.6375,78.7,21.476362,0,2026-06-12 20:01:35.671678,2026-06-26 20:13:56.811
1049,11,35,t,3912.5256,2355.3794,77.016655,21.267479,0,2026-06-12 20:01:35.672789,2026-06-26 20:14:51.44
1050,11,37,t,3992.3257,2355.3025,72.31676,21.191479,0,2026-06-12 20:01:35.674855,2026-06-26 20:14:51.478
1051,11,36,t,3921.1736,2455.749,78.85214,21.540861,0,2026-06-12 20:01:35.676138,2026-06-26 20:13:56.766
1052,11,34,t,3840.0256,2455.749,78.399994,21.476362,0,2026-06-12 20:01:35.705458,2026-06-26 20:13:56.725
1053,11,31,t,3758.9258,2355.513,75.08008,21.019915,0,2026-06-12 20:01:35.70633,2026-06-26 20:14:51.359
1054,11,32,t,3759.1257,2455.6375,77.899994,21.36436,0,2026-06-12 20:01:35.707407,2026-06-26 20:13:56.688
1055,11,33,t,3836.7258,2355.413,72.90886,21.281256,0,2026-06-12 20:01:35.71005,2026-06-26 20:14:51.395
1056,10,1,t,4326.334,2325.6328,82.09174,20.999899,0,2026-06-12 20:12:44.865406,2026-06-26 20:20:33.708
1057,10,15,t,3758.939,2325.6196,75.10857,20.999899,0,2026-06-12 20:13:43.383331,2026-06-26 20:20:33.979
1058,10,13,t,3836.7476,2325.6196,72.89996,21.18738,0,2026-06-12 20:14:28.48278,2026-06-26 20:20:33.945
1059,10,11,t,3912.3474,2325.6196,77.200165,21.18738,0,2026-06-12 20:14:45.694246,2026-06-26 20:20:33.903
1060,10,9,t,3992.4475,2325.5195,72.40006,21.18738,0,2026-06-12 20:15:18.775077,2026-06-26 20:20:33.856
1061,10,7,t,4072.0476,2325.6194,81.99996,21.18738,0,2026-06-12 20:15:35.430896,2026-06-26 20:20:33.822
1062,10,5,t,4156.847,2325.7195,81.99996,21.18738,0,2026-06-12 20:15:51.814191,2026-06-26 20:20:33.784
1063,10,3,t,4241.547,2325.7195,81.99996,21.18738,0,2026-06-12 20:16:16.9254,2026-06-26 20:20:33.75
1064,10,,t,2067.9583,2048.0903,114.36114,15.173223,0,2026-06-12 20:18:30.846529,2026-06-23 01:30:43.66
1066,10,,t,2067.9375,2068.3145,14.751744,74.88266,0,2026-06-12 20:19:01.700622,2026-06-23 01:30:43.662
1067,10,,t,2184.0193,2048.0903,114.36114,15.271043,0,2026-06-12 20:19:24.600877,2026-06-23 01:30:43.779
1068,10,,t,2300.1804,2048.1902,114.13513,15.271043,0,2026-06-12 20:20:01.667417,2026-06-23 01:30:43.657
1069,10,,t,2416.2156,2048.1902,114.235,15.271043,0,2026-06-12 20:20:32.259969,2026-06-23 01:30:43.781
1070,10,,t,2532.3154,2048.1902,114.37017,15.271043,0,2026-06-12 20:20:41.494132,2026-06-23 01:30:43.658
1071,10,,t,2648.4856,2048.1902,114.32993,15.271043,0,2026-06-12 20:20:52.987425,2026-06-23 01:30:43.661
1072,10,,t,2764.5154,2048.1902,114.32993,15.271043,0,2026-06-12 20:21:10.441721,2026-06-23 01:30:43.666
1073,10,,t,2880.4155,2048.1902,114.359695,15.271043,0,2026-06-12 20:21:24.4959,2026-06-23 01:30:43.777
1074,10,,t,2996.7751,2048.1902,114.140434,15.271043,0,2026-06-12 20:21:41.721051,2026-06-23 01:30:43.782
1075,55,1,t,3080.9902,1778.8833,114.096016,17.830236,0,2026-06-12 20:22:41.68602,2026-06-12 20:23:04.491
1076,55,2,t,3200.6863,1779.0833,17.4,49,0,2026-06-12 20:23:34.123433,2026-06-12 20:23:34.123433
1077,55,3,t,3200.7861,1829.9833,17.4,49.099945,0,2026-06-12 20:23:44.742872,2026-06-12 20:27:31.511
1078,55,4,t,3200.786,1881.0833,17.4,49.099945,0,2026-06-12 20:24:00.495411,2026-06-12 20:27:37.471
1079,55,5,t,3200.786,1931.8833,17.4,49.4,0,2026-06-12 20:24:13.52969,2026-06-12 20:30:24.57
1080,55,6,t,2941.1045,2019.3245,50.42688,14.928503,0,2026-06-12 20:25:07.757204,2026-06-12 20:30:05.689
1081,55,7,t,2993.2314,2019.3245,61.544575,14.928503,0,2026-06-12 20:25:23.93615,2026-06-12 20:30:13.26
1082,10,8,t,3056.476,2019.3245,43.399975,14.928503,0,2026-06-12 20:25:40.295858,2026-06-12 20:30:18.574
1083,88,,t,3231.5007,1804.1184,18.19993,58.2,0,2026-06-12 20:31:57.164038,2026-06-23 01:30:32.348
1084,88,,t,3231.5007,1864.0184,18.19993,58.2,0,2026-06-12 20:32:11.120649,2026-06-23 01:30:32.347
1085,88,,t,3231.5007,1924.0184,18.19993,57.999973,0,2026-06-12 20:32:21.028232,2026-06-23 01:30:32.345
1086,88,,t,3231.0645,1778.8964,55.776,16.015978,0,2026-06-12 20:33:25.297027,2026-06-23 01:30:32.061
1087,88,,t,3288.3926,1778.8964,55.776,16.015978,0,2026-06-12 20:33:38.382179,2026-06-23 01:30:32.051
1088,88,,t,3345.7207,1778.7844,55.776,16.015978,0,2026-06-12 20:33:44.467201,2026-06-23 01:30:32.054
1089,88,,t,3383.0486,1802.7523,18.256,68.768,0,2026-06-12 20:34:31.660111,2026-06-23 01:30:32.346
1090,88,,t,3383.1448,1873.4243,18.256,68.768,0,2026-06-12 20:34:41.180859,2026-06-23 01:30:32.056
1091,88,,t,3383.017,1944.0963,18.256,68.768,0,2026-06-12 20:34:58.022519,2026-06-23 01:30:32.053
1092,88,,t,3322.1687,2017.4231,71.75167,15.125567,0,2026-06-12 20:36:02.037168,2026-06-23 01:30:32.059
1093,23,,t,1284.4503,2508.1653,20.9,11.9,0,2026-06-12 20:38:58.792478,2026-06-23 01:31:03.675
1094,23,,t,1306.8503,2508.1653,20.9,11.9,0,2026-06-12 20:39:02.605302,2026-06-23 01:31:03.56
1095,23,,t,1331.2502,2508.1653,20.9,11.9,0,2026-06-12 20:39:32.847577,2026-06-23 01:31:03.558
1096,23,,t,1353.7501,2508.1653,20.9,11.9,0,2026-06-12 20:39:44.501725,2026-06-23 01:31:03.925
1097,23,,t,1378.05,2507.9653,20.9,12.10009,0,2026-06-12 20:39:51.057699,2026-06-23 01:31:03.926
1098,23,,t,1400.45,2508.0652,20.9,12.10009,0,2026-06-12 20:40:06.143154,2026-06-23 01:31:03.557
1099,23,,t,1424.95,2507.965,20.9,12.10009,0,2026-06-12 20:40:14.584594,2026-06-23 01:31:03.754
1100,23,,t,1447.25,2507.965,20.9,12.10009,0,2026-06-12 20:40:20.336085,2026-06-23 01:31:03.92
1101,23,,t,1469.65,2507.965,20.9,12.10009,0,2026-06-12 20:40:23.943826,2026-06-23 01:31:03.928
1102,25,,t,1516.0596,2508.4805,20.9,12.10009,0,2026-06-12 20:40:52.825273,2026-06-26 20:19:54.423
1103,25,,t,1493.6597,2508.3806,20.9,12.10009,0,2026-06-12 20:40:52.847555,2026-06-26 20:19:54.434
1104,25,,t,1560.8231,2508.5432,20.9,12.10009,0,2026-06-12 20:41:15.80732,2026-06-26 20:19:54.436
1105,25,,t,1538.4232,2508.4434,20.9,12.10009,0,2026-06-12 20:41:15.849267,2026-06-26 20:19:54.435
1106,25,,t,1583.5392,2508.6824,20.9,12.10009,0,2026-06-12 20:41:35.880644,2026-06-26 20:19:54.428
1107,25,,t,1605.9391,2508.7822,20.9,12.10009,0,2026-06-12 20:41:35.895584,2026-06-26 20:19:54.308
1108,23,,t,1266.365,2627.9521,12,43.35616,0,2026-06-12 20:42:20.102719,2026-06-23 01:31:12.692
1110,23,,t,1265.9905,2689.827,12.199999,43.0723,0,2026-06-12 20:42:46.467686,2026-06-23 01:31:12.647
1112,23,,t,1266.0906,2755.427,12.199999,43.20286,0,2026-06-12 20:43:16.032003,2026-06-23 01:31:12.69
1114,23,,t,1266.0044,2871.6904,12.022094,43.385246,0,2026-06-12 20:45:29.480494,2026-06-23 01:31:12.642
1115,23,,t,1265.9772,2931.9016,12.022094,43.385246,0,2026-06-12 20:46:12.763785,2026-06-23 01:31:12.734
1116,23,,t,1265.8993,2992.3015,12.022094,43.385246,0,2026-06-12 20:46:35.696421,2026-06-23 01:31:12.649
1117,23,,t,1266.0214,3052.8015,12.0644455,43.385246,0,2026-06-12 20:46:53.595019,2026-06-23 01:31:12.733
1118,23,,t,1265.995,3185.696,12.254966,43.385246,0,2026-06-12 20:47:43.303167,2026-06-23 01:31:12.693
1119,23,,t,1266.073,3124.6963,12.022094,43.385246,0,2026-06-12 20:47:43.303605,2026-06-23 01:31:12.695
1120,23,,t,1266.1172,3246.196,12.0644455,43.385246,0,2026-06-12 20:47:43.417319,2026-06-23 01:31:12.698
1121,23,,t,1265.9816,3307.496,12.0644455,43.385246,0,2026-06-12 20:48:55.351291,2026-06-23 01:31:12.643
1141,30,,t,4388.5625,3032.8374,19.730062,57.528706,0,2026-06-15 20:15:15.144131,2026-06-23 01:28:34.573
1142,30,,t,4388.4854,3093.4814,19.730062,57.528706,0,2026-06-15 20:15:29.266321,2026-06-23 01:28:34.925
1143,30,,t,4388.6035,2903.2,19.730062,58.023064,0,2026-06-15 20:16:07.79214,2026-06-23 01:28:34.927
1144,30,,t,4388.479,2842.7688,19.730062,57.69187,0,2026-06-15 20:16:38.532025,2026-06-23 01:28:34.987
1145,31,,t,4305.935,2842.6785,19.536682,15.066424,0,2026-06-15 20:17:50.832401,2026-06-23 01:28:35.439
1146,30,,t,4328.631,2842.6785,19.536682,15.066424,0,2026-06-15 20:18:00.227731,2026-06-23 01:28:34.924
1147,30,,t,4328.6177,2860.8906,19.728594,18.70887,0,2026-06-15 20:18:33.985402,2026-06-23 01:28:34.985
1148,30,,t,4328.6567,2882.414,19.728594,17.881107,0,2026-06-15 20:19:02.05306,2026-06-23 01:28:34.57
1149,30,,t,4328.6313,2903.34,19.728594,15.515648,0,2026-06-15 20:19:18.048485,2026-06-23 01:28:34.927
1150,30,,t,4328.7363,2921.984,19.728594,17.550035,0,2026-06-15 20:19:42.485092,2026-06-23 01:28:34.572
1151,30,,t,4328.776,2942.6797,19.728594,18.377798,0,2026-06-15 20:19:58.844862,2026-06-23 01:28:34.574
1152,31,,t,4305.809,2860.8906,19.728594,18.70887,0,2026-06-15 20:20:24.579548,2026-06-23 01:28:35.406
1153,31,,t,4305.8486,2882.745,19.728594,17.715672,0,2026-06-15 20:20:32.416211,2026-06-23 01:28:35.399
1154,31,,t,4305.722,2903.4407,19.728594,15.232133,0,2026-06-15 20:20:43.996522,2026-06-23 01:28:35.364
1156,31,,t,4305.9854,2942.5142,19.728594,18.377733,0,2026-06-15 20:21:15.431456,2026-06-23 01:28:35.361
1157,31,,t,4305.868,2921.919,19.728594,17.632286,0,2026-06-15 20:23:32.288833,2026-06-23 01:28:35.037
1158,32,,t,4224.5225,2843.0532,19.536682,15.066424,0,2026-06-15 20:25:31.232344,2026-06-23 01:28:35.592
1159,32,,t,4224.3965,2860.901,19.728594,18.70887,0,2026-06-15 20:25:31.231133,2026-06-23 01:28:35.587
1160,32,,t,4224.3184,2882.705,19.728594,17.715672,0,2026-06-15 20:25:31.234724,2026-06-23 01:28:35.487
1161,31,,t,4247.0103,2942.477,19.728594,18.377798,0,2026-06-15 20:25:31.269539,2026-06-23 01:28:35.028
1162,31,,t,4247.088,2921.7783,19.728594,17.550035,0,2026-06-15 20:25:31.281799,2026-06-23 01:28:34.989
1163,31,,t,4247.2188,2903.457,19.728594,15.515648,0,2026-06-15 20:25:31.285073,2026-06-23 01:28:35.413
1164,32,,t,4224.219,2921.7957,19.728594,17.632286,0,2026-06-15 20:25:31.30716,2026-06-23 01:28:35.586
1165,32,,t,4224.455,2942.6648,19.728594,18.377733,0,2026-06-15 20:25:31.307881,2026-06-23 01:28:35.46
1166,32,,t,4224.4272,2903.392,19.728594,15.232133,0,2026-06-15 20:25:31.311315,2026-06-23 01:28:35.628
1167,31,,t,4247.126,2882.4216,19.728594,17.881107,0,2026-06-15 20:25:31.313417,2026-06-23 01:28:35.412
1168,31,,t,4247.087,2861.0188,19.728594,18.70887,0,2026-06-15 20:25:31.317281,2026-06-23 01:28:35.408
1169,31,,t,4247.2188,2843.0532,19.536682,15.066424,0,2026-06-15 20:25:31.3246,2026-06-23 01:28:35.033
1170,33,,t,4141.353,2941.5637,19.728594,18.377733,0,2026-06-15 20:25:49.235161,2026-06-23 01:28:35.73
1171,32,,t,4164.221,2859.7773,19.728594,18.70887,0,2026-06-15 20:25:49.236115,2026-06-23 01:28:35.683
1172,32,,t,4164.2603,2881.5308,19.728594,17.881107,0,2026-06-15 20:25:49.236789,2026-06-23 01:28:35.683
1173,33,,t,4141.3535,2920.7742,19.728594,17.632286,0,2026-06-15 20:25:49.237687,2026-06-23 01:28:35.775
1174,33,,t,4141.4434,2902.402,19.728594,15.274797,0,2026-06-15 20:25:49.240749,2026-06-23 01:28:35.8
1175,32,,t,4164.235,2841.7046,19.536682,15.066424,0,2026-06-15 20:25:49.240614,2026-06-23 01:28:35.634
1176,32,,t,4164.1167,2902.204,19.728594,15.515648,0,2026-06-15 20:25:49.272463,2026-06-23 01:28:35.632
1177,32,,t,4164.2217,2920.5564,19.728594,17.550035,0,2026-06-15 20:25:49.277283,2026-06-23 01:28:35.589
1178,33,,t,4141.4126,2859.7773,19.728594,18.70887,0,2026-06-15 20:25:49.278175,2026-06-23 01:28:35.773
1179,33,,t,4141.3345,2881.4128,19.728594,17.715672,0,2026-06-15 20:25:49.278628,2026-06-23 01:28:35.82
1180,32,,t,4164.144,2941.494,19.728594,18.377798,0,2026-06-15 20:25:49.279786,2026-06-23 01:28:35.634
1181,33,,t,4141.4204,2841.7046,19.536682,15.066424,0,2026-06-15 20:25:49.282552,2026-06-23 01:28:35.861
1182,33,,t,4081.2786,2902.349,19.728594,15.515648,0,2026-06-15 20:26:03.016617,2026-06-23 01:28:35.897
1183,34,,t,4058.496,2881.5186,19.728594,17.715672,0,2026-06-15 20:26:03.017564,2026-06-23 01:28:36.084
1184,33,,t,4081.3835,2920.85,19.728594,17.550035,0,2026-06-15 20:26:03.019848,2026-06-23 01:28:35.769
1185,33,,t,4081.188,2941.437,19.728594,18.377798,0,2026-06-15 20:26:03.020756,2026-06-23 01:28:35.732
1186,34,,t,4058.4563,2859.816,19.728594,18.70887,0,2026-06-15 20:26:03.022228,2026-06-23 01:28:35.996
1187,34,,t,4058.5823,2841.518,19.536682,15.066424,0,2026-06-15 20:26:03.02361,2026-06-23 01:28:36.087
1188,33,,t,4081.186,2881.6846,19.728594,17.881107,0,2026-06-15 20:26:03.054405,2026-06-23 01:28:35.857
1189,33,,t,4081.0293,2859.816,19.728594,18.70887,0,2026-06-15 20:26:03.055074,2026-06-23 01:28:35.862
1190,34,,t,4058.605,2902.3064,19.728594,15.232133,0,2026-06-15 20:26:03.056791,2026-06-23 01:28:36.124
1191,34,,t,4058.3975,2920.5613,19.728594,17.632286,0,2026-06-15 20:26:03.058883,2026-06-23 01:28:35.903
1192,34,,t,4058.279,2941.389,19.728594,18.377733,0,2026-06-15 20:26:03.060217,2026-06-23 01:28:36.086
1193,33,,t,4081.2786,2841.518,19.536682,15.066424,0,2026-06-15 20:26:03.061075,2026-06-23 01:28:35.814
1218,37,,t,3809.974,2941.4993,19.728594,18.377733,0,2026-06-15 20:26:38.410626,2026-06-23 01:28:36.713
1219,36,,t,3832.7053,2859.9614,19.728594,18.368021,0,2026-06-15 20:26:38.410137,2026-06-23 01:28:36.57
1220,37,,t,3810.0044,2920.5706,19.728594,17.632286,0,2026-06-15 20:26:38.412663,2026-06-23 01:28:36.755
1221,36,,t,3832.4587,2881.671,19.918789,17.64971,0,2026-06-15 20:26:38.415105,2026-06-23 01:28:36.326
1222,36,,t,3832.4722,2841.604,19.905289,15.066424,0,2026-06-15 20:26:38.416104,2026-06-23 01:28:36.523
1223,37,,t,3810.006,2902.1785,19.728594,15.472631,0,2026-06-15 20:26:38.41693,2026-06-23 01:28:36.764
1224,37,,t,3809.8374,2859.87,19.728594,18.607246,0,2026-06-15 20:26:38.449693,2026-06-23 01:28:36.665
1225,36,,t,3832.7678,2902.448,19.728594,15.515648,0,2026-06-15 20:26:38.451064,2026-06-23 01:28:36.522
1226,36,,t,3832.7249,2920.7332,19.728594,17.550035,0,2026-06-15 20:26:38.452733,2026-06-23 01:28:36.323
1227,37,,t,3809.65,2881.671,19.922401,17.64971,0,2026-06-15 20:26:38.453629,2026-06-23 01:28:36.761
1228,36,,t,3832.7651,2941.37,19.728594,18.559362,0,2026-06-15 20:26:38.455004,2026-06-23 01:28:36.658
1229,37,,t,3809.776,2841.604,19.796402,15.066424,0,2026-06-15 20:26:38.455123,2026-06-23 01:28:36.716
1230,36,,t,3891.2808,2902.366,19.728594,15.472631,0,2026-06-15 20:36:47.808473,2026-06-23 01:28:36.519
1231,36,,t,3891.4717,2841.7012,19.558361,15.066424,0,2026-06-15 20:36:47.80965,2026-06-23 01:28:36.525
1232,36,,t,3891.3228,2859.7202,19.728594,18.607246,0,2026-06-15 20:36:47.822524,2026-06-23 01:28:36.477
1233,36,,t,3891.2793,2920.6033,19.728594,17.942785,0,2026-06-15 20:36:47.82236,2026-06-23 01:28:36.662
1234,36,,t,3891.2405,2881.616,19.922401,17.64971,0,2026-06-15 20:36:47.823435,2026-06-23 01:28:36.566
1235,35,,t,3914.0398,2941.4878,19.728594,18.559362,0,2026-06-15 20:36:47.852115,2026-06-23 01:28:36.318
1236,35,,t,3914.2102,2920.6833,19.728594,17.550035,0,2026-06-15 20:36:47.85504,2026-06-23 01:28:36.298
1237,35,,t,3914.2532,2902.1523,19.728594,15.515648,0,2026-06-15 20:36:47.859178,2026-06-23 01:28:36.322
1238,36,,t,3891.4592,2941.33,19.728594,18.575666,0,2026-06-15 20:36:47.862134,2026-06-23 01:28:36.566
1239,35,,t,3914.0815,2881.5107,19.78116,17.64971,0,2026-06-15 20:36:47.86296,2026-06-23 01:28:36.134
1240,35,,t,3914.0854,2859.7366,19.728594,18.624428,0,2026-06-15 20:36:47.867888,2026-06-23 01:28:36.168
1241,35,,t,3914.168,2841.596,19.799936,15.2996645,0,2026-06-15 20:36:47.892367,2026-06-23 01:28:36.17
1242,34,,t,3998.2493,2841.5378,19.905289,15.357864,0,2026-06-15 20:36:58.600035,2026-06-23 01:28:35.905
1243,35,,t,3975.3606,2920.691,19.728594,17.632286,0,2026-06-15 20:36:58.602089,2026-06-23 01:28:36.231
1244,34,,t,3998.272,2859.869,19.728594,18.807125,0,2026-06-15 20:36:58.602088,2026-06-23 01:28:36.042
1245,34,,t,3998.3408,2881.616,19.918789,17.64971,0,2026-06-15 20:36:58.60289,2026-06-23 01:28:36.04
1246,35,,t,3975.5725,2902.2932,19.728594,15.472631,0,2026-06-15 20:36:58.603756,2026-06-23 01:28:36.311
1247,35,,t,3975.5405,2941.532,19.728594,18.377733,0,2026-06-15 20:36:58.612775,2026-06-23 01:28:36.231
1248,35,,t,3975.427,2881.7212,19.922401,17.64971,0,2026-06-15 20:36:58.639935,2026-06-23 01:28:36.235
1249,34,,t,3998.3345,2902.1223,19.728594,15.515648,0,2026-06-15 20:36:58.640581,2026-06-23 01:28:36.037
1250,35,,t,3975.5093,2859.7305,19.728594,18.607246,0,2026-06-15 20:36:58.653197,2026-06-23 01:28:36.257
1251,34,,t,3998.1863,2920.6887,19.728594,17.646946,0,2026-06-15 20:36:58.654023,2026-06-23 01:28:35.995
1252,35,,t,3975.553,2841.5378,19.796402,15.357864,0,2026-06-15 20:36:58.654646,2026-06-23 01:28:36.135
1253,34,,t,3998.3315,2941.4504,19.728594,18.559362,0,2026-06-15 20:36:58.89869,2026-06-23 01:28:36.133
1254,31,,t,4247.126,3072.3381,19.728594,17.881107,0,2026-06-15 20:56:50.923264,2026-06-23 01:28:35.454
1255,31,,t,4247.2188,3030.155,19.536682,15.066424,0,2026-06-15 20:56:50.924829,2026-06-23 01:28:34.99
1256,31,,t,4247.0103,3132.8901,19.728594,18.377798,0,2026-06-15 20:56:50.928149,2026-06-23 01:28:35.041
1257,33,,t,4081.1787,3031.5803,19.651194,15.406093,0,2026-06-15 20:56:50.973754,2026-06-26 20:44:34.139
1258,34,,t,4058.279,3131.5107,20.081345,18.669239,0,2026-06-15 20:56:50.976883,2026-06-26 20:40:39.911
1259,33,,t,4081.0293,3049.8213,19.728594,18.70887,0,2026-06-15 20:56:50.980028,2026-06-26 20:44:07.011
1260,31,,t,4247.2188,3091.008,19.728594,15.515648,0,2026-06-15 20:56:50.984349,2026-06-23 01:28:35.356
1261,31,,t,4247.088,3111.3638,19.728594,17.550035,0,2026-06-15 20:56:50.985587,2026-06-23 01:28:35.359
1262,31,,t,4247.087,3051.7632,19.728594,18.70887,0,2026-06-15 20:56:50.996936,2026-06-23 01:28:35.365
1263,34,,t,4058.3975,3110.6672,19.728594,17.886944,0,2026-06-15 20:56:51.009592,2026-06-26 20:43:16.534
1264,34,,t,4058.605,3092.2349,19.728594,15.475811,0,2026-06-15 20:56:51.01533,2026-06-26 20:43:43.318
1265,33,,t,4081.186,3071.601,19.728594,17.881107,0,2026-06-15 20:56:51.029731,2026-06-23 01:28:35.887
1266,33,,t,4081.2786,3092.1174,19.728594,15.515648,0,2026-06-15 20:56:51.03299,2026-06-26 20:43:36.957
1267,34,,t,4058.496,3071.7134,19.728594,17.715672,0,2026-06-15 20:56:51.036869,2026-06-26 20:43:55.353
1268,33,,t,4081.3835,3110.5833,19.728594,17.823048,0,2026-06-15 20:56:51.086758,2026-06-26 20:43:03.379
1269,34,,t,4058.4563,3049.8213,19.728594,18.70887,0,2026-06-15 20:56:51.087485,2026-06-26 20:44:07.002
1270,33,,t,4081.188,3131.5107,19.728594,18.717104,0,2026-06-15 20:56:51.089235,2026-06-26 20:40:45.626
1271,34,,t,4058.4824,3031.5803,19.877945,15.406093,0,2026-06-15 20:56:51.089884,2026-06-26 20:44:52.68
1272,33,,t,4141.1865,3031.7283,19.918695,15.249268,0,2026-06-15 20:56:51.090811,2026-06-26 20:47:30.893
1273,32,,t,4164.144,3131.4636,19.728594,18.525341,0,2026-06-15 20:56:51.091957,2026-06-26 20:42:01.735
1274,34,,t,3998.3315,3131.456,19.728594,18.559362,0,2026-06-15 20:56:51.125702,2026-06-26 20:36:47.77
1275,32,,t,4164.2217,3110.4375,19.728594,18.116674,0,2026-06-15 20:56:51.128031,2026-06-26 20:42:38.758
1276,33,,t,4141.4126,3049.93,19.728594,18.70887,0,2026-06-15 20:56:51.129448,2026-06-26 20:46:42.683
1277,32,,t,4164.1167,3092.1204,19.728594,15.515648,0,2026-06-15 20:56:51.133687,2026-06-26 20:46:07.979
1278,34,,t,3998.1863,3110.771,19.728594,17.646946,0,2026-06-15 20:56:51.134669,2026-06-26 20:32:52.177
1279,33,,t,4141.3345,3071.3455,19.728594,17.739117,0,2026-06-15 20:56:51.135318,2026-06-26 20:46:24.338
1280,34,,t,3998.3345,3092.1733,19.728594,15.515648,0,2026-06-15 20:56:51.171825,2026-06-26 20:31:33.18
1281,32,,t,4164.2603,3071.4473,19.728594,17.881107,0,2026-06-15 20:56:51.173585,2026-06-23 01:28:35.678
1282,33,,t,4141.482,3092.2253,19.837854,15.485411,0,2026-06-15 20:56:51.176073,2026-06-26 20:45:51.394
1283,32,,t,4164.221,3049.93,19.728594,18.70887,0,2026-06-15 20:56:51.176055,2026-06-26 20:46:34.67
1284,33,,t,4141.3535,3110.815,19.728594,17.70273,0,2026-06-15 20:56:51.176276,2026-06-26 20:42:26.396
1285,34,,t,3998.2407,3071.601,19.918789,17.64971,0,2026-06-15 20:56:51.183496,2026-06-26 20:31:22.342
1286,34,,t,3998.272,3049.7043,19.728594,18.878363,0,2026-06-15 20:56:51.21386,2026-06-26 20:36:23.828
1287,32,,t,4224.455,3133.078,19.728594,18.377733,0,2026-06-15 20:56:51.22062,2026-06-23 01:28:35.719
1288,32,,t,4224.219,3111.4634,19.728594,17.632286,0,2026-06-15 20:56:51.223848,2026-06-23 01:28:35.459
1289,33,,t,4141.353,3131.5107,19.728594,18.626068,0,2026-06-15 20:56:51.229868,2026-06-26 20:41:05.81
1290,34,,t,3998.1494,3031.631,19.905289,15.357864,0,2026-06-15 20:56:51.230848,2026-06-26 20:28:15.572
1291,32,,t,4163.9395,3031.615,20.11642,15.066424,0,2026-06-15 20:56:51.231752,2026-06-26 20:47:01.204
1292,32,,t,4224.4272,3090.6594,19.728594,15.232133,0,2026-06-15 20:56:51.251947,2026-06-23 01:28:35.675
1293,32,,t,4224.3184,3072.456,19.728594,17.715672,0,2026-06-15 20:56:51.259306,2026-06-23 01:28:35.675
1294,32,,t,4224.3965,3051.6453,19.728594,18.70887,0,2026-06-15 20:56:51.26021,2026-06-23 01:28:35.723
1295,32,,t,4224.5225,3030.155,19.536682,15.066424,0,2026-06-15 20:56:51.270355,2026-06-23 01:28:35.718
1296,35,,t,3975.453,3031.631,19.796402,15.357864,0,2026-06-15 20:56:51.277455,2026-06-26 20:28:15.577
1297,37,,t,3809.776,3031.7163,19.796402,15.066424,0,2026-06-15 20:56:51.289162,2026-06-23 01:28:36.712
1298,31,,t,4305.935,3029.7803,19.536682,15.066424,0,2026-06-15 20:56:51.298944,2026-06-23 01:28:35.409
1299,35,,t,3914.0627,3031.7722,19.799936,15.054499,0,2026-06-15 20:56:51.305275,2026-06-26 20:26:19.194
1300,37,,t,3809.8374,3049.76,19.728594,18.952377,0,2026-06-15 20:56:51.305807,2026-06-26 20:25:56.654
1301,35,,t,3975.5093,3049.873,19.728594,18.607246,0,2026-06-15 20:56:51.306568,2026-06-26 20:29:15.944
1302,31,,t,4305.809,3051.6348,19.728594,18.70887,0,2026-06-15 20:56:51.312566,2026-06-23 01:28:35.125
1303,35,,t,3914.0854,3049.765,19.728594,18.736938,0,2026-06-15 20:56:51.321493,2026-06-26 20:26:28.224
1304,35,,t,3975.427,3071.706,19.922401,17.64971,0,2026-06-15 20:56:51.341083,2026-06-26 20:31:27.576
1305,37,,t,3809.65,3071.7324,19.922401,17.64971,0,2026-06-15 20:56:51.342232,2026-06-23 01:28:36.706
1306,31,,t,4305.8486,3072.496,19.728594,17.715672,0,2026-06-15 20:56:51.343105,2026-06-23 01:28:35.457
1307,35,,t,3914.0815,3071.6167,19.78116,17.64971,0,2026-06-15 20:56:51.355979,2026-06-26 20:26:45.748
1308,37,,t,3809.8806,3092.3208,19.728594,15.472631,0,2026-06-15 20:56:51.371666,2026-06-23 01:28:36.707
1309,35,,t,3975.5725,3092.2014,19.728594,15.472631,0,2026-06-15 20:56:51.375088,2026-06-26 20:32:42.076
1310,35,,t,3914.2532,3092.1782,19.728594,15.515648,0,2026-06-15 20:56:51.377279,2026-06-26 20:35:31.54
1311,31,,t,4305.722,3090.7083,19.728594,15.232133,0,2026-06-15 20:56:51.37865,2026-06-23 01:28:35.363
1312,35,,t,3975.3606,3110.6587,19.93545,17.648851,0,2026-06-15 20:56:51.380029,2026-06-26 20:36:36.607
1313,37,,t,3810.0044,3110.6145,19.728594,17.96377,0,2026-06-15 20:56:51.389169,2026-06-23 01:28:36.709
1314,31,,t,4305.868,3111.5867,19.728594,17.632286,0,2026-06-15 20:56:51.409864,2026-06-23 01:28:35.452
1315,35,,t,3914.2102,3110.6223,19.728594,17.803097,0,2026-06-15 20:56:51.41048,2026-06-26 20:35:40.672
1316,35,,t,3975.5405,3131.3557,19.728594,18.753355,0,2026-06-15 20:56:51.413342,2026-06-26 20:36:53.057
1317,31,,t,4305.9854,3132.9272,19.728594,18.377733,0,2026-06-15 20:56:51.416058,2026-06-23 01:28:35.042
1318,37,,t,3809.974,3131.5361,19.728594,18.377733,0,2026-06-15 20:56:51.417155,2026-06-23 01:28:36.667
1319,35,,t,3914.0398,3131.3752,19.728594,18.559362,0,2026-06-15 20:56:51.42444,2026-06-26 20:35:49.383
1320,30,,t,4328.776,3133.093,19.728594,18.377798,0,2026-06-15 20:56:51.446025,2026-06-23 01:28:34.988
1321,36,,t,3832.7651,3131.3376,19.728594,18.559362,0,2026-06-15 20:56:51.448279,2026-06-23 01:28:36.479
1322,36,,t,3891.4592,3131.4697,19.728594,18.575666,0,2026-06-15 20:56:51.450077,2026-06-26 20:35:46.662
1323,30,,t,4328.7363,3111.5693,19.728594,17.550035,0,2026-06-15 20:56:51.454437,2026-06-23 01:28:34.923
1324,36,,t,3832.7249,3110.8203,19.728594,17.550035,0,2026-06-15 20:56:51.459527,2026-06-23 01:28:36.481
1325,36,,t,3891.2793,3110.5815,19.728594,17.942785,0,2026-06-15 20:56:51.461862,2026-06-23 01:28:36.343
1326,30,,t,4328.6313,3090.891,19.728594,15.515648,0,2026-06-15 20:56:51.480236,2026-06-23 01:28:34.984
1327,36,,t,3832.7678,3092.1316,19.728594,15.515648,0,2026-06-15 20:56:51.484353,2026-06-23 01:28:36.528
1328,36,,t,3891.2808,3092.3489,19.728594,15.472631,0,2026-06-15 20:56:51.48556,2026-06-26 20:35:25.199
1329,30,,t,4328.6567,3072.3306,19.728594,17.881107,0,2026-06-15 20:56:51.495075,2026-06-23 01:28:34.575
1330,36,,t,3832.4587,3071.7324,19.918789,17.64971,0,2026-06-15 20:56:51.49673,2026-06-23 01:28:36.481
1331,36,,t,3891.2405,3071.722,19.922401,17.64971,0,2026-06-15 20:56:51.498816,2026-06-26 20:26:50.214
1332,30,,t,4328.6177,3051.6348,19.728594,18.70887,0,2026-06-15 20:56:51.516855,2026-06-23 01:28:34.926
1333,36,,t,3832.7053,3049.822,19.728594,18.679758,0,2026-06-15 20:56:51.51797,2026-06-26 20:36:10.724
1334,36,,t,3891.428,3049.7314,19.728594,18.87576,0,2026-06-15 20:56:51.523032,2026-06-26 20:26:35.295
1335,30,,t,4328.631,3029.7803,19.536682,15.066424,0,2026-06-15 20:56:51.53109,2026-06-23 01:28:34.577
1336,36,,t,3832.4722,3031.5908,19.905289,15.066424,0,2026-06-15 20:56:51.532991,2026-06-23 01:28:36.476
1337,36,,t,3891.4717,3031.644,19.558361,15.066424,0,2026-06-15 20:56:51.541582,2026-06-26 20:26:06.555
