aisle_key,section,is_inventory,svg_x,svg_y,svg_width,svg_height,sort_order
aisle-13,1,t,1470.3015,2612.8076,82.2,21.300001,0
aisle-13,3,t,1555.4015,2612.7075,81.6,21.300001,0
aisle-13,5,t,1640.0015,2612.7075,82.1,21.300058,0
aisle-13,7,t,1724.9015,2612.7075,81.8999,21.300058,0
aisle-13,9,t,1809.9015,2612.9075,81.7999,21.300058,0
aisle-13,11,t,1894.7014,2612.9075,81.7999,21.300058,0
aisle-13,13,t,1979.5015,2612.8076,82.0997,21.300058,0
aisle-13,15,t,2064.7014,2612.8076,81.4995,21.300058,0
aisle-13,2,t,1470.3671,2712.3984,82.09998,21.191853,0
aisle-13,14,t,1980.0488,2712.2903,82.0997,21.300058,0
aisle-13,4,t,1555.3489,2712.19,81.71812,21.300001,0
aisle-13,10,t,1810.267,2712.39,81.98178,21.300058,0
aisle-13,16,t,2065.2488,2712.2903,81.4995,21.300058,0
aisle-13,6,t,1640.4489,2712.39,81.71812,21.300058,0
aisle-13,8,t,1725.4489,2712.29,81.8999,21.300058,0
aisle-13,12,t,1895.1488,2712.39,81.7999,21.300058,0
aisle-13,19,t,2233.61,2613.2454,104.35228,21.300058,0
aisle-13,21,t,2341.0662,2613.2075,106.01863,21.300058,0
aisle-13,23,t,2450.1848,2613.1074,106.01863,21.300058,0
aisle-13,25,t,2559.3032,2613.2075,106.01863,21.300058,0
aisle-13,27,t,2668.1218,2613.1074,106.01863,21.300058,0
aisle-13,29,t,2777.0403,2613.0073,106.01863,21.300058,0
aisle-13,31,t,2886.0586,2613.3074,104.15479,21.300058,0
aisle-13,20,t,2233.3965,2712.912,104.51742,21.300058,0
aisle-13,30,t,2776.827,2712.674,106.01863,21.300058,0
aisle-13,22,t,2340.8528,2712.874,106.361115,21.300058,0
aisle-13,28,t,2667.9082,2712.774,106.20571,21.300058,0
aisle-13,32,t,2885.845,2712.974,104.46892,21.300058,0
aisle-13,26,t,2559.0896,2712.874,106.01863,21.300058,0
aisle-13,24,t,2449.9712,2712.774,106.44272,21.300058,0
aisle-13,37,t,3202.5703,2613.1567,87.79897,21.198854,0
aisle-13,39,t,3293.4695,2613.244,87.79897,21.011726,0
aisle-13,41,t,3384.2693,2613.244,87.58783,21.011726,0
aisle-13,43,t,3474.957,2613.3015,87.59436,21.011726,0
aisle-13,45,t,3565.5662,2613.244,87.79093,21.011726,0
aisle-13,42,t,3384.2178,2713.14,87.65008,21.011726,0
aisle-13,38,t,3202.6704,2713.1272,87.79897,21.124037,0
aisle-13,40,t,3293.322,2713.14,87.79897,21.011726,0
aisle-13,44,t,3474.753,2713.0933,87.66481,21.288252,0
aisle-13,46,t,3565.4187,2713.14,87.91086,21.011726,0
aisle-13,50,t,3758.2458,2712.7505,78.7,21.011726,0
aisle-13,52,t,3839.827,2712.7505,78.7,21.011726,0
aisle-13,54,t,3921.4082,2712.5742,78.7,21.011726,0
aisle-13,56,t,4002.6367,2712.7505,78.7,21.011726,0
aisle-13,58,t,4084.3357,2712.7505,78.7,21.011726,0
aisle-13,60,t,4166.183,2712.7505,78.31592,21.011726,0
aisle-13,62,t,4247.603,2712.5742,78.62135,21.199568,0
aisle-13,64,t,4329.1284,2712.5742,78.627785,21.099567,0
aisle-13,51,t,3839.869,2613.2175,78.7,21.011726,0
aisle-13,57,t,4084.4773,2613.2175,78.48282,21.09148,0
aisle-13,55,t,4002.8772,2613.2175,78.6,21.191479,0
aisle-13,53,t,3921.1772,2613.0415,78.6,21.267479,0
aisle-13,61,t,4247.645,2613.0415,78.62135,21.36748,0
aisle-13,63,t,4329.377,2613.0415,78.79125,21.267479,0
aisle-13,59,t,4166.225,2613.2175,78.50541,21.29148,0
aisle-13,49,t,3758.9297,2613.2175,77.81082,21.011726,0
aisle-14,61,t,1555.1489,2841.5852,82.06961,21.2,0
aisle-14,59,t,1640.2489,2841.3853,81.96961,21.31076,0
aisle-14,57,t,1725.2489,2841.2961,81.8999,21.300058,0
aisle-16,65,t,1470.4014,3000.115,82.2,21.100065,0
aisle-14,63,t,1470.154,2841.4963,82.16451,21.288998,0
aisle-14,53,t,1894.9489,2841.396,82.16961,21.300058,0
aisle-14,49,t,2065.0488,2841.2964,81.4995,21.300058,0
aisle-16,61,t,1640.3015,3000.0151,82.1,20.999865,0
aisle-14,51,t,1979.8488,2841.4854,82.36971,21.11116,0
aisle-16,63,t,1555.315,3000.215,81.886505,20.875036,0
aisle-16,59,t,1725.2015,2999.915,81.8999,21.199965,0
aisle-16,57,t,1810.2015,3000.09,81.7999,21.300058,0
aisle-16,53,t,1980.0117,2999.9678,82.1033,21.322643,0
aisle-16,51,t,2065.0015,2999.9902,81.4995,21.300058,0
aisle-16,55,t,1895.0013,3000.09,81.9137,21.300058,0
aisle-14,55,t,1810.067,2841.396,81.98178,21.300058,0
aisle-15,27,t,2667.977,2971.4705,106.01863,21.09885,0
aisle-14,43,t,2340.9397,2841.5774,106.361115,21.300058,0
aisle-15,25,t,2559.085,2971.0986,106.01863,21.300058,0
aisle-15,29,t,2776.9119,2971.3276,106.01863,21.300058,0
aisle-15,23,t,2450.252,2971.328,106.01863,21.300058,0
aisle-15,31,t,2886.0608,2971.3982,104.15479,21.300058,0
aisle-14,41,t,2450.058,2841.9854,106.44272,20.899899,0
aisle-14,37,t,2667.995,2841.6719,106.20571,21.4,0
aisle-14,45,t,2233.4834,2841.616,104.51742,21.300058,0
aisle-14,39,t,2559.1765,2842.0063,106.01863,21.092161,0
aisle-14,35,t,2777.2654,2841.772,105.66696,21.4,0
aisle-14,33,t,2885.932,2841.678,104.46892,21.300058,0
aisle-15,19,t,2233.549,2971.2935,104.35228,21.300058,0
aisle-15,21,t,2341.148,2971.3694,106.01863,21.058706,0
aisle-14,25,t,3293.3333,2841.6357,87.79897,21.011726,0
aisle-14,21,t,3474.7644,2841.3977,87.66481,21.204905,0
aisle-14,19,t,3565.63,2841.6357,87.70308,21.011726,0
aisle-14,27,t,3202.6187,2841.4353,87.66199,21.148687,0
aisle-14,23,t,3384.229,2841.4358,87.65008,21.348186,0
aisle-14,26,t,3293.2808,2743.0398,87.79897,21.011726,0
aisle-14,24,t,3384.2295,2742.9397,87.749435,21.253649,0
aisle-14,22,t,3474.6433,2743.0974,87.87084,21.011726,0
aisle-14,12,t,3921.808,2742.986,78.7,21.011726,0
aisle-14,14,t,3840.227,2743.162,78.7,21.011726,0
aisle-14,10,t,4003.3367,2742.962,78.7,21.011726,0
aisle-14,16,t,3758.6458,2742.9658,78.7,21.207897,0
aisle-14,8,t,4084.815,2742.962,78.7,21.011726,0
aisle-14,6,t,4166.583,2742.9739,78.47318,21.199959,0
aisle-14,2,t,4329.9863,2743.1038,78.300186,21.011726,0
aisle-14,4,t,4248.003,2742.986,78.953186,21.011726,0
aisle-14,58,t,1725.2489,2742.69,81.8999,21.300058,0
aisle-14,50,t,2065.0488,2742.6902,81.4995,21.300058,0
aisle-14,44,t,2340.778,2742.7742,106.361115,21.300058,0
aisle-14,52,t,1979.8488,2742.6902,82.33427,21.300058,0
aisle-14,56,t,1810.067,2742.79,81.98178,21.300058,0
aisle-14,54,t,1894.9489,2742.79,82.13416,21.300058,0
aisle-14,36,t,2776.7524,2742.5742,106.01863,21.300058,0
aisle-14,38,t,2667.8335,2742.6743,106.20571,21.300058,0
aisle-14,46,t,2233.3218,2742.8125,104.51742,21.300058,0
aisle-14,34,t,2885.7703,2742.8745,104.46892,21.300058,0
aisle-14,28,t,3202.6704,2743.0913,87.79897,21.011726,0
aisle-14,20,t,3565.524,2743.097,87.91086,21.011726,0
aisle-14,42,t,2449.8965,2742.6743,106.44272,21.300058,0
aisle-14,64,t,1470.1671,2742.6902,82.41597,21.191853,0
aisle-14,62,t,1555.383,2742.7498,81.800064,21.140144,0
aisle-14,60,t,1640.2489,2742.79,81.83417,21.300058,0
aisle-14,40,t,2559.015,2742.7742,106.01863,21.300058,0
aisle-15,20,t,2233.7654,2871.8223,104.20007,21.300058,0
aisle-15,8,t,1725.3608,2871.757,81.8999,21.400017,0
aisle-15,37,t,3202.5703,2970.9668,87.79897,21.011726,0
aisle-15,38,t,3202.8186,2871.384,87.66199,21.148687,0
aisle-16,46,t,2233.5498,3001.3704,104.35228,21.300058,0
aisle-15,40,t,3293.394,2871.4475,87.937965,21.280096,0
aisle-15,1,t,1470.4144,2969.7415,82.2,21.100065,0
aisle-15,42,t,3384.2942,2871.584,87.78497,20.943596,0
aisle-15,4,t,1555.2609,2871.7131,82.06961,21.2,0
aisle-16,44,t,2341.1057,3001.3325,106.01863,21.300058,0
aisle-16,34,t,2885.998,3001.2322,104.15479,21.300058,0
aisle-15,44,t,3474.9644,2871.4026,87.66481,21.204905,0
aisle-15,7,t,1725.2146,2969.7415,81.8999,21.199965,0
aisle-15,16,t,2065.161,2871.7244,81.412544,21.300058,0
aisle-15,3,t,1555.628,2969.6677,81.683685,21.223886,0
aisle-15,46,t,3565.594,2871.4475,87.93898,21.180096,0
aisle-15,9,t,1810.2146,2969.8167,81.7999,20.95105,0
aisle-15,11,t,1894.8933,2969.7166,81.9137,21.300058,0
aisle-15,15,t,2065.3118,2969.7168,81.00232,21.300058,0
aisle-15,13,t,1979.9146,2969.817,82.31349,20.95075,0
aisle-15,2,t,1470.266,2871.7134,82.16451,21.288998,0
aisle-15,14,t,1979.9608,2871.8247,82.36971,21.11116,0
aisle-15,6,t,1640.3608,2871.757,81.96961,21.177744,0
aisle-15,5,t,1640.2146,2969.7417,82.1,20.999865,0
aisle-15,12,t,1895.0609,2871.757,82.16961,21.167027,0
aisle-15,30,t,2777.1655,2871.584,105.59366,21.300058,0
aisle-16,36,t,2777.1128,3001.4692,105.58553,20.963007,0
aisle-16,40,t,2559.3127,3001.4326,105.748535,21.136751,0
aisle-15,24,t,2449.8848,2871.7917,106.44272,21.08027,0
aisle-16,42,t,2450.3245,3001.2324,106.01863,21.300058,0
aisle-16,38,t,2668.0613,3001.2324,106.01863,21.300058,0
aisle-15,28,t,2668.1655,2871.872,105.86204,21.112087,0
aisle-15,26,t,2559.233,2872.0044,105.55636,21.092161,0
aisle-15,32,t,2885.7588,2871.8843,104.46892,21.300058,0
aisle-15,45,t,3565.318,2970.9084,88.05083,21.253748,0
aisle-15,43,t,3475.032,2970.8242,87.49849,21.35538,0
aisle-15,39,t,3293.496,2970.8667,87.70009,21.011726,0
aisle-15,22,t,2340.7664,2871.7837,106.361115,21.300058,0
aisle-15,10,t,1810.179,2871.957,81.98178,20.967043,0
aisle-15,41,t,3384.1184,2971.0085,87.749435,21.253649,0
aisle-16,26,t,3293.404,2999.9863,87.937965,21.299883,0
aisle-16,28,t,3202.5784,3000.8738,87.91223,21.148687,0
aisle-16,22,t,3474.9744,3000.9485,87.66481,21.204905,0
aisle-16,23,t,3384.1284,3100.3032,87.749435,21.253649,0
aisle-16,21,t,3474.942,3100.3208,87.49849,21.273764,0
aisle-16,19,t,3565.4272,3100.3032,87.951614,21.253748,0
aisle-16,25,t,3293.5059,3100.3196,87.70009,21.074963,0
aisle-16,24,t,3384.3042,3000.8687,87.47416,20.943596,0
aisle-16,27,t,3202.6804,3100.2195,87.79897,21.375063,0
aisle-16,20,t,3565.604,3000.7727,87.93898,21.376114,0
aisle-16,33,t,2886.0618,3100.525,104.46001,21.300058,0
aisle-16,37,t,2668.4304,3100.5251,106.01863,21.300058,0
aisle-16,45,t,2233.9187,3100.663,104.35228,21.300058,0
aisle-16,41,t,2450.538,3100.5251,106.17418,21.300058,0
aisle-16,35,t,2777.4817,3100.4248,105.58553,21.43831,0
aisle-16,39,t,2559.682,3100.562,105.748535,21.136751,0
aisle-16,43,t,2341.138,3100.6252,106.355484,20.94449,0
aisle-16,54,t,1895.2487,3100.2832,81.9137,21.300058,0
aisle-16,64,t,1470.2487,3100.1082,82.2,21.100065,0
aisle-16,62,t,1555.5623,3099.9832,81.634705,21.33819,0
aisle-16,52,t,1979.997,3100.1836,82.36549,21.322643,0
aisle-16,60,t,1640.197,3100.1082,82,21.21319,0
aisle-16,58,t,1725.297,3100.008,81.90001,21.199965,0
aisle-16,50,t,2065.2488,3100.1833,81.24821,21.300058,0
aisle-16,56,t,1810.097,3100.2832,82.151794,21.300058,0
aisle-17,12,t,1895.1082,3130.36,81.9137,21.300058,0
aisle-17,10,t,1809.9565,3130.36,82.151794,21.300058,0
aisle-17,8,t,1725.1565,3130.5469,81.90001,21.199965,0
aisle-17,2,t,1470.2487,3130.4065,82.2,21.100065,0
aisle-17,16,t,2064.7605,3130.2603,81.24821,21.300058,0
aisle-17,14,t,1979.8566,3130.283,82.36549,21.322643,0
aisle-17,6,t,1640.0565,3130.5195,82,21.21319,0
aisle-17,4,t,1555.4218,3130.2793,81.80665,21.157053,0
aisle-17,24,t,2450.3354,3130.5425,106.29997,21.300058,0
aisle-17,26,t,2559.6353,3130.616,105.93566,21.136751,0
aisle-17,22,t,2341.2786,3130.4868,106.355484,21.033686,0
aisle-17,28,t,2668.4707,3130.5425,106.01863,21.300058,0
aisle-17,32,t,2886.2024,3130.5422,104.33298,20.978287,0
aisle-17,30,t,2777.4224,3130.5803,105.58553,21.040186,0
aisle-17,20,t,2233.759,3130.4805,104.35228,21.300058,0
aisle-17,38,t,3202.6804,3130.1946,87.79897,21.375063,0
aisle-17,42,t,3384.1284,3130.157,87.749435,21.253649,0
aisle-17,44,t,3474.942,3130.1946,87.49849,21.273764,0
aisle-17,46,t,3565.4272,3130.157,87.951614,21.253748,0
aisle-17,40,t,3293.406,3130.3943,87.70009,21.074963,0
aisle-17,52,t,3839.7285,3229.683,78.7,21.261044,0
aisle-17,50,t,3757.547,3229.783,79.14987,21.011726,0
aisle-17,54,t,3921.5093,3229.644,78.98757,21.174282,0
aisle-17,64,t,4331.797,3229.6067,78.56091,21.137344,0
aisle-17,58,t,4085.597,3229.6826,79.101425,21.011726,0
aisle-17,62,t,4249.397,3229.7065,79.26091,21.011726,0
aisle-17,56,t,4003.4377,3229.7827,79.05917,21.011726,0
aisle-17,60,t,4167.4834,3229.583,79.01347,21.199959,0
aisle-17,39,t,3293.319,3229.86,87.808044,21.074963,0
aisle-17,43,t,3474.955,3229.859,87.49849,21.273764,0
aisle-17,45,t,3565.5403,3229.9014,87.951614,21.084372,0
aisle-17,41,t,3384.3416,3229.9014,87.48544,21.253649,0
aisle-17,37,t,3202.5935,3229.9604,87.79897,20.925373,0
aisle-17,29,t,2776.9968,3230.4114,106.011086,21.040186,0
aisle-17,23,t,2450.1968,3230.3333,106.1,21.300058,0
aisle-17,25,t,2559.2969,3230.1865,106,21.300135,0
aisle-17,31,t,2886.0024,3230.3113,104.33298,21.075335,0
aisle-17,19,t,2233.659,3230.1714,104.35228,21.300058,0
aisle-17,21,t,2340.9785,3230.3113,106.355484,21.033686,0
aisle-17,27,t,2668.1968,3230.2334,106,21.300058,0
aisle-17,11,t,1895.1082,3229.8113,81.9137,21.300058,0
aisle-17,5,t,1640.0565,3229.884,82.268814,21.21319,0
aisle-17,7,t,1725.1565,3229.737,81.90001,21.299944,0
aisle-17,15,t,2065.1252,3229.7112,81.20011,21.300058,0
aisle-17,1,t,1470.2487,3229.6577,82.2,21.100065,0
aisle-17,3,t,1555.4218,3229.5874,81.80665,21.157053,0
aisle-17,13,t,1979.8566,3229.7566,82.36549,21.180344,0
aisle-17,9,t,1809.9565,3229.8113,82.151794,21.300058,0
aisle-18,2,t,4331.797,3259.944,78.56091,21.137344,0
aisle-18,28,t,3202.6936,3259.6858,87.79897,20.925373,0
aisle-18,16,t,3757.647,3259.8115,79.14987,21.294815,0
aisle-18,26,t,3293.419,3259.735,87.808044,21.074963,0
aisle-18,14,t,3839.6514,3259.744,78.877235,21.261044,0
aisle-18,8,t,4085.497,3259.9944,79.101425,21.011726,0
aisle-18,34,t,2885.914,3260.1868,104.400185,21.29441,0
aisle-18,36,t,2777.0967,3260.2517,106.011086,21.040186,0
aisle-18,46,t,2233.714,3260.2715,104.397095,21.10971,0
aisle-18,38,t,2668.2969,3260.3335,106,21.300058,0
aisle-18,22,t,3475.055,3259.9329,87.49849,21.273764,0
aisle-18,24,t,3384.3418,3259.955,87.48544,21.056612,0
aisle-18,64,t,1470.3488,3259.958,82.2,21.100065,0
aisle-18,60,t,1640.1565,3259.8972,82.268814,21.21319,0
aisle-18,56,t,1810.0565,3259.9114,82.151794,21.300058,0
aisle-18,40,t,2559.397,3260.2866,105.817184,21.300135,0
aisle-18,42,t,2450.2969,3260.2812,106.1,21.200012,0
aisle-18,58,t,1725.2565,3259.937,81.90001,21.199835,0
aisle-18,44,t,2341.0786,3260.145,106.13558,21.136211,0
aisle-18,52,t,1979.9565,3259.937,82.36549,21.300108,0
aisle-18,62,t,1555.5219,3260.0444,81.80665,21.157053,0
aisle-18,4,t,4249.497,3259.9182,79.26091,21.093412,0
aisle-18,54,t,1895.2083,3259.9114,81.9137,21.125708,0
aisle-18,50,t,2065.225,3260.037,81.20011,21.07425,0
aisle-18,5,t,4167.5835,3259.883,79.01347,21.199959,0
aisle-18,10,t,4003.5376,3259.9048,79.05917,21.300394,0
aisle-18,12,t,3921.6094,3259.9185,78.98757,21.174282,0
aisle-18,20,t,3565.6404,3259.786,87.81097,21.084372,0
aisle-18,49,t,2067.215,3363.612,77.4,12.099999,0
aisle-18,55,t,1812.2151,3363.7122,78.10003,12.000001,0
aisle-18,51,t,1982.3152,3363.612,77.99999,12.099999,0
aisle-18,63,t,1470.2037,3357.6924,82.2,21.100065,0
aisle-18,53,t,1897.0151,3363.7122,78.1,12,0
aisle-18,61,t,1555.3768,3357.8357,81.80665,21.157053,0
aisle-18,59,t,1640.0115,3357.7449,82.268814,21.21319,0
aisle-18,57,t,1727.2151,3363.7122,77.9,11.999923,0
aisle-18,33,t,2886.1445,3357.472,104.16955,21.29441,0
aisle-18,35,t,2777.3447,3357.3828,105.763145,21.344833,0
aisle-18,43,t,2341.1445,3357.572,106.3,21.136211,0
aisle-18,45,t,2233.714,3357.3718,104.397095,21.355833,0
aisle-18,39,t,2559.6445,3357.5774,105.80014,21.300135,0
aisle-18,41,t,2450.2969,3357.472,106.24774,21.200012,0
aisle-18,37,t,2668.2969,3357.6243,106,21.300058,0
aisle-18,19,t,3565.604,3358.2407,87.81097,21.084372,0
aisle-18,27,t,3202.7573,3358.1814,87.79897,21.158714,0
aisle-18,25,t,3293.3828,3358.1804,87.808044,21.074963,0
aisle-18,23,t,3384.3054,3358.282,87.48544,21.056612,0
aisle-18,21,t,3474.9187,3358.077,87.49849,21.273764,0
aisle-18,9,t,4003.6008,3357.912,78.85969,21.170149,0
aisle-18,3,t,4249.3604,3357.9546,79.26091,21.093412,0
aisle-18,11,t,3921.473,3357.836,78.98757,21.174282,0
aisle-18,13,t,3839.515,3357.748,78.877235,21.261044,0
aisle-18,1,t,4331.661,3357.8242,78.73988,21.187862,0
aisle-18,7,t,4085.5237,3357.9377,79,21.063063,0
aisle-18,15,t,3757.5107,3357.849,79.14987,21.294815,0
aisle-18,6,t,4167.447,3357.826,79.01347,21.199959,0
aisle-19,26,t,2234.0312,3387.429,104.35228,21.300058,0
aisle-19,54,t,3921.5457,3388.12,78.98757,21.174282,0
aisle-19,62,t,4249.4697,3388.356,79.408,21.011726,0
aisle-19,18,t,1895.1447,3387.8528,81.9137,21.300058,0
aisle-19,60,t,4167.5195,3388.0847,79.01347,21.199959,0
aisle-19,24,t,2065.1616,3387.8647,81.20011,21.300058,0
aisle-19,56,t,4003.474,3388.096,79.05917,21.106798,0
aisle-19,48,t,3565.6887,3388.0635,87.71684,21.084372,0
aisle-19,30,t,2450.4573,3387.703,106.1,20.939798,0
aisle-19,32,t,2559.5574,3387.4443,106,21.300135,0
aisle-19,38,t,2886.151,3387.568,104.33298,21.075335,0
aisle-19,34,t,2668.0977,3387.491,106,21.300058,0
aisle-19,46,t,3474.9915,3388.0986,87.49849,21.273764,0
aisle-19,40,t,3202.63,3388.1873,87.79897,20.925373,0
aisle-19,50,t,3757.5833,3388.0964,79.14987,21.330399,0
aisle-19,58,t,4085.6333,3388.108,79.101425,21.318798,0
aisle-19,21,t,1980.005,3388.015,82.36549,21.180344,0
aisle-19,12,t,1725.1929,3387.8906,81.90001,21.299944,0
aisle-19,6,t,1555.4583,3388.0461,81.80665,21.157053,0
aisle-19,28,t,2341.1016,3387.5266,106.38094,21.033686,0
aisle-19,64,t,4331.8335,3388.0457,78.56091,21.381098,0
aisle-19,52,t,3839.653,3388.2456,78.7,21.261044,0
aisle-19,44,t,3384.378,3388.1206,87.48544,21.253649,0
aisle-19,42,t,3293.3552,3388.2366,87.808044,21.074963,0
aisle-19,9,t,1640.317,3387.951,81.98454,21.21319,0
aisle-19,3,t,1470.2852,3388.0596,82.2,21.100065,0
aisle-19,15,t,1810.1049,3387.8528,82.151794,21.300058,0
aisle-19,36,t,2777.1216,3387.6333,105.81245,21.040186,0
aisle-19,23,t,2065.2612,3487.4324,81.20011,21.07425,0
aisle-19,8,t,1639.9453,3487.1838,82.268814,21.21319,0
aisle-19,2,t,1470.3853,3487.379,82.2,21.100065,0
aisle-19,5,t,1555.5583,3487.523,81.80665,21.157053,0
aisle-19,25,t,2233.7502,3487.843,104.397095,21.10971,0
aisle-19,27,t,2341.115,3487.743,106.27432,21.136211,0
aisle-19,17,t,1895.2448,3487.358,81.9137,21.125708,0
aisle-19,11,t,1725.2928,3487.4578,81.90001,21.199835,0
aisle-19,14,t,1810.093,3487.5327,82.151794,21.300058,0
aisle-19,20,t,1979.9928,3487.5583,82.36549,21.300108,0
aisle-19,35,t,2777.133,3487.754,106.011086,21.040186,0
aisle-19,31,t,2559.6858,3487.6487,105.817184,21.300135,0
aisle-19,43,t,3384.3782,3487.602,87.48544,21.056612,0
aisle-19,37,t,2886.0503,3487.7434,104.400185,21.29441,0
aisle-19,45,t,3474.9863,3487.5964,87.60341,21.273764,0
aisle-19,57,t,4085.5334,3487.4363,79.101425,21.011726,0
aisle-19,55,t,4003.574,3487.5232,79.05917,21.080801,0
aisle-19,59,t,4167.6196,3487.2896,79.01347,21.199959,0
aisle-19,53,t,3921.6458,3487.4114,78.98757,21.174282,0
aisle-19,63,t,4331.8335,3487.3994,78.56091,21.137344,0
aisle-19,39,t,3202.73,3487.6013,87.79897,21.112553,0
aisle-19,49,t,3757.4592,3487.3127,79.14987,21.294815,0
aisle-19,33,t,2668.3333,3487.7478,106,21.300058,0
aisle-19,51,t,3839.5757,3487.323,78.877235,21.261044,0
aisle-19,61,t,4249.533,3487.33,79.26091,21.093412,0
aisle-19,29,t,2450.3894,3487.7434,106.1,21.200012,0
aisle-19,47,t,3565.6768,3487.5605,87.81097,21.084372,0
aisle-19,41,t,3293.4553,3487.6003,87.808044,21.074963,0
aisle-20,14,t,3839.4878,3517.8691,78.7,21.261044,0
aisle-20,3,t,4249.3677,3616.786,79.26091,21.093412,0
aisle-20,9,t,4003.409,3616.7178,79.05917,21.329554,0
aisle-20,4,t,4249.304,3517.7302,79.408,21.011726,0
aisle-20,2,t,4331.668,3517.7893,78.56091,21.381098,0
aisle-20,12,t,3921.3804,3517.6567,78.98757,21.174282,0
aisle-20,1,t,4331.668,3616.8994,78.70613,21.137344,0
aisle-20,6,t,4167.3545,3517.6472,79.01347,21.199959,0
aisle-20,11,t,3921.4805,3616.586,78.98757,21.536623,0
aisle-20,8,t,4085.4683,3517.7893,79.101425,21.318798,0
aisle-20,16,t,3757.418,3517.7893,79.14987,21.330399,0
aisle-20,13,t,3839.5159,3616.736,78.877235,21.261044,0
aisle-20,10,t,4003.3088,3517.5657,79.05917,21.106798,0
aisle-20,5,t,4167.4546,3616.852,79.01347,21.199959,0
aisle-20,7,t,4085.3682,3616.8105,79.101425,21.011726,0
aisle-20,15,t,3757.7031,3616.7595,78.796104,21.294815,0
aisle-20,22,t,3384.204,3517.551,87.48544,21.253649,0
aisle-20,18,t,3565.397,3517.6782,87.92242,21.084372,0
aisle-20,23,t,3293.374,3616.7847,87.808044,21.074963,0
aisle-20,21,t,3384.3428,3616.6628,87.54455,21.27084,0
aisle-20,25,t,3202.5435,3616.718,87.79897,21.112553,0
aisle-20,24,t,3293.299,3517.6062,87.808044,21.074963,0
aisle-20,26,t,3202.6917,3517.643,87.79897,20.925373,0
aisle-20,20,t,3474.9353,3517.4312,87.49849,21.273764,0
aisle-20,17,t,3565.4902,3616.7542,87.81097,21.084372,0
aisle-20,19,t,3474.7998,3616.5586,87.60341,21.273764,0
aisle-20,40,t,2234.0312,3517.6897,104.35228,21.300058,0
aisle-20,29,t,2777.133,3616.4988,106.011086,21.390991,0
aisle-20,31,t,2668.3333,3616.7217,106,20.994766,0
aisle-20,28,t,2886.151,3517.804,104.33298,21.075335,0
aisle-20,27,t,2886.1624,3616.6306,104.400185,21.29441,0
aisle-20,33,t,2559.6858,3616.7654,105.817184,21.124392,0
aisle-20,39,t,2233.7502,3616.5454,104.397095,21.10971,0
aisle-20,36,t,2450.4573,3517.8035,106.1,20.939798,0
aisle-20,38,t,2341.1016,3517.721,106.38094,21.033686,0
aisle-20,34,t,2559.3364,3517.805,106,21.015697,0
aisle-20,32,t,2668.525,3517.6516,105.67295,21.300058,0
aisle-20,37,t,2341.115,3616.5837,106.27432,21.136211,0
aisle-20,35,t,2450.5066,3616.461,106.1,21.200012,0
aisle-20,30,t,2777.1216,3517.8342,105.903244,21.040186,0
aisle-19,1,t,1470.3062,3517.7703,82.2,21.100065,0
aisle-19,4,t,1555.3793,3517.8137,81.80665,21.157053,0
aisle-20,41,t,2064.6982,3616.6953,81.69529,10.990398,0
aisle-19,10,t,1725.1935,3517.801,82.12059,21.03884,0
aisle-20,45,t,1725.0156,3616.5962,81.80002,10.912042,0
aisle-19,16,t,1895.2657,3517.7634,81.9137,21.300058,0
aisle-20,48,t,1470.2703,3616.7097,82.2,10.698542,0
aisle-20,46,t,1640.1664,3616.8074,81.971085,10.6008415,0
aisle-19,13,t,1810.026,3517.7634,82.151794,21.300058,0
aisle-19,22,t,2065.3826,3517.7754,81.20011,21.300058,0
aisle-20,44,t,1809.9781,3616.6594,81.951385,10.848842,0
aisle-20,43,t,1894.8938,3616.77,81.9137,10.738241,0
aisle-19,7,t,1640.1381,3517.775,81.98454,21.21319,0
aisle-19,19,t,1980.0261,3517.806,82.36549,21.180344,0
aisle-20,42,t,1979.5419,3616.797,82.36549,10.78344,0
aisle-20,47,t,1555.3314,3616.8074,81.80665,10.6008415,0
aisle-21,1,t,1470.3157,3628.0083,82.19992,9.8,0
aisle-21,3,t,1555.3157,3628.0083,81.79988,9.8,0
aisle-21,5,t,1640.0156,3628.1082,81.99986,9.7,0
aisle-21,7,t,1725.0156,3628.1082,81.79984,9.7,0
aisle-21,9,t,1809.9154,3628.1082,81.79984,9.7,0
aisle-21,11,t,1894.7152,3628.1082,81.79984,9.7,0
aisle-21,13,t,1979.515,3628.1082,82.17766,9.7,0
aisle-21,15,t,2064.6926,3628.1082,81.677605,9.7,0
aisle-21,,t,1493.1606,3714.8574,78.961,20.69997,0
aisle-21,,t,1575.1251,3715.0088,79.464745,20.548601,0
aisle-21,,t,1657.475,3715.0088,78.77628,20.548601,0
aisle-21,,t,1739.1364,3715.0088,79.52896,20.548601,0
aisle-21,,t,1821.6759,3715.0088,79.02722,20.548601,0
aisle-21,,t,1903.5812,3715.0088,79.15968,20.548601,0
aisle-21,,t,1985.6189,3715.0088,79.15968,20.548601,0
aisle-21,,t,2067.7822,3715.0088,79.15968,20.548601,0
aisle-21,,t,2233.8938,3714.1997,120.66161,21.086605,0
aisle-21,,t,2357.6475,3714.1997,121.34584,21.086605,0
aisle-21,,t,2481.9802,3714.1997,126.14547,21.086605,0
aisle-21,,t,2611.0864,3714.1997,124.7456,21.086605,0
aisle-21,,t,2738.9902,3714.1997,124.35083,21.086605,0
aisle-21,,t,2866.499,3714.1997,123.95606,21.086605,0
aisle-21,,t,3249.3083,3715.4785,98.825294,21.214413,0
aisle-21,,t,3208.9385,3715.6191,37.48053,21.073864,0
aisle-21,,t,3351.0334,3715.5786,98.825294,21.214413,0
aisle-21,,t,3452.8586,3715.4785,98.825294,21.214413,0
aisle-21,,t,3554.484,3715.5786,98.825294,21.214413,0
aisle-21,,t,3776.078,3716.015,87.41713,20.5634,0
aisle-21,,t,3866.897,3716.015,88.01527,20.5634,0
aisle-21,,t,3958.321,3715.915,87.306595,20.5634,0
aisle-21,,t,4048.8276,3715.915,88.093376,20.5634,0
aisle-21,,t,4140.321,3715.915,87.699974,20.5634,0
aisle-21,,t,4231.421,3715.915,87.699974,20.5634,0
aisle-21,,t,4322.421,3715.915,87.699974,20.5634,0
aisle-22,,t,1657.475,3744.7405,78.77628,20.548601,0
aisle-22,,t,1739.1364,3744.7405,79.52896,20.548601,0
aisle-22,,t,2067.6821,3744.8403,79.15968,20.548601,0
aisle-22,,t,1821.6759,3744.9404,79.02722,20.548601,0
aisle-22,,t,1575.1251,3744.8403,79.464745,20.548601,0
aisle-22,,t,1903.5812,3744.8403,79.15968,20.548601,0
aisle-22,,t,1493.1606,3744.717,78.961,20.599998,0
aisle-22,,t,1985.6189,3744.8406,79.15968,20.548601,0
aisle-22,,t,1337.0048,3922.8608,111.66145,27.500141,0
aisle-22,,t,1451.772,3922.8608,108.380165,27.500141,0
aisle-22,,t,1562.9048,3922.8608,110.519615,27.500141,0
aisle-22,,t,1676.428,3922.8608,116.03897,27.500141,0
aisle-22,,t,1795.4705,3922.8608,109.39071,27.500141,0
aisle-22,,t,1907.8718,3922.8608,110.26174,27.500141,0
aisle-22,,t,2021.388,3922.8608,110.26174,27.500141,0
aisle-22,,t,2134.6533,3922.9863,112.65911,27.500141,0
aisle-22,,t,2250.4417,3922.7354,115.91327,27.500141,0
aisle-22,,t,2369.3655,3922.7354,109.38371,27.500141,0
aisle-22,,t,2481.753,3922.8608,109.38371,27.500141,0
aisle-22,,t,2594.015,3922.8608,112.784134,27.500141,0
aisle-22,,t,2709.5588,3922.8608,110.512634,27.500141,0
aisle-22,,t,2823.333,3922.8608,106.87488,27.500141,0
aisle-22,,t,2933.2114,3922.8608,113.90645,27.500141,0
aisle-22,,t,3050.1216,3922.9863,116.666016,27.500141,0
aisle-22,,t,3169.791,3922.9863,116.666016,27.500141,0
aisle-22,,t,3353.047,3922.8318,121.67603,27.500141,0
aisle-22,,t,3477.823,3922.8318,121.372314,27.500141,0
aisle-22,,t,3602.2954,3922.8318,121.499916,27.500141,0
aisle-22,,t,3726.7954,3922.8318,120.39992,27.500141,0
aisle-22,,t,3850.0952,3922.932,123.000114,27.500141,0
aisle-22,,t,3976.0952,3922.932,121.400116,27.500141,0
aisle-22,,t,4100.695,3922.932,121.400116,27.500141,0
aisle-22,,t,4225.295,3922.9512,121.70032,27.399988,0
aisle-22,,t,4350.095,3922.9512,121.100006,27.399988,0
aisle-22,,t,4474.2217,3922.9512,121.67346,27.399988,0
aisle-22,,t,4598.895,3922.9512,121.67346,27.399988,0
aisle-22,,t,4723.4604,3937.827,91.00019,12.5243435,0
aisle-22,,t,2357.6475,3744.2864,121.34584,21.086605,0
aisle-22,,t,2866.499,3744.2864,123.95606,21.086605,0
aisle-22,,t,2738.9902,3744.2864,124.35083,21.086605,0
aisle-22,,t,2233.8938,3744.2864,120.66161,21.086605,0
aisle-22,,t,2611.0864,3744.2864,124.7456,21.086605,0
aisle-22,,t,2481.9802,3744.2864,126.14547,21.086605,0
aisle-22,,t,3452.9585,3745.493,98.57781,21.214413,0
aisle-22,,t,3351.1333,3745.493,98.825294,21.214413,0
aisle-22,,t,3209.0386,3745.493,37.48053,21.073864,0
aisle-22,,t,3249.4082,3745.493,98.825294,21.214413,0
aisle-22,,t,3554.584,3745.4053,98.825294,21.3,0
aisle-22,,t,3776.078,3745.6785,87.41713,20.5634,0
aisle-22,,t,3866.897,3745.6785,88.01527,20.5634,0
aisle-22,,t,4048.8276,3745.5786,88.093376,20.673773,0
aisle-22,,t,3958.321,3745.5786,87.306595,20.673773,0
aisle-22,,t,4231.421,3745.5786,87.699974,20.573774,0
aisle-22,,t,4140.321,3745.5786,87.699974,20.673773,0
aisle-22,,t,4322.421,3745.6523,87.699974,20.600073,0
aisle-12,45,t,2233.71,2583.415,104.35228,21.300058,0
aisle-12,39,t,2559.4033,2583.3772,106.01863,21.300058,0
aisle-12,41,t,2450.285,2583.277,106.01863,21.300058,0
aisle-12,43,t,2341.1663,2583.3772,106.01863,21.300058,0
aisle-12,37,t,2668.2217,2583.277,106.01863,21.300058,0
aisle-12,35,t,2777.1404,2583.177,106.01863,21.300058,0
aisle-12,33,t,2886.1587,2583.477,104.15479,21.300058,0
aisle-12,46,t,2237.2502,2485.634,103.34644,21.300058,0
aisle-12,40,t,2561.1729,2485.5962,104.71369,21.300058,0
aisle-12,44,t,2344.2764,2485.5962,104.85148,21.300058,0
aisle-12,38,t,2669.573,2485.496,105.131996,21.300058,0
aisle-12,42,t,2452.6729,2485.496,104.899994,21.300058,0
aisle-12,36,t,2778.373,2485.6775,104.39997,21.018661,0
aisle-12,34,t,2886.6233,2485.696,103.149635,21.081396,0
aisle-11,2,t,2237.546,2455.6824,102.99039,21.300058,0
aisle-11,1,t,2237.3596,2355.38,103.257805,21.300058,0
aisle-11,3,t,2344.4854,2355.342,104.61696,21.300058,0
aisle-11,5,t,2452.8398,2355.242,104.76809,21.300058,0
aisle-11,4,t,2343.9807,2455.7925,105.08703,21.300058,0
aisle-11,6,t,2452.6328,2455.6924,104.740234,21.300058,0
aisle-11,8,t,2561.073,2455.7925,104.75369,21.300058,0
aisle-11,7,t,2561.12,2355.342,104.86784,21.300058,0
aisle-11,10,t,2669.373,2455.6924,105.2719,21.300058,0
aisle-11,11,t,2778.5078,2355.3928,104.24058,21.073954,0
aisle-11,9,t,2669.6257,2355.242,105.11872,21.300058,0
aisle-11,12,t,2778.373,2455.5923,104.39993,21.300058,0
aisle-11,14,t,2886.5632,2455.8923,103.10973,21.085096,0
aisle-11,13,t,2886.7068,2355.442,102.91645,21.024754,0
aisle-10,37,t,2344.1091,2325.5425,104.993195,21.194975,0
aisle-10,39,t,2237.3596,2325.3298,103.11166,21.300058,0
aisle-10,29,t,2778.3823,2325.3423,104.36608,21.300058,0
aisle-10,35,t,2452.74,2325.4424,104.742455,21.044193,0
aisle-10,33,t,2561.12,2325.5425,104.69632,21.069534,0
aisle-10,31,t,2669.5005,2325.4424,105.13446,21.300058,0
aisle-10,27,t,2886.5532,2325.2874,103.195496,21.324635,0
aisle-24,,t,2480.0852,3979.3562,2240.2756,27.40444,0
aisle-24,,t,2480.5166,4099.9824,2240.2756,27.40444,0
aisle-6,1,t,3757.3474,1558.1047,142.00641,204.1,0
aisle-0,,t,1263.5266,3377.3962,34.87926,125.27022,0
aisle-12,27,t,3202.6572,2583.3667,87.700005,21.011726,0
aisle-12,25,t,3293.3455,2583.2666,87.79897,21.011726,0
aisle-12,19,t,3565.5767,2583.2666,87.86852,21.086384,0
aisle-12,23,t,3384.1453,2583.2666,87.71183,21.011726,0
aisle-12,21,t,3474.957,2583.324,87.57023,21.011726,0
aisle-12,22,t,3474.8677,2485.665,87.57023,21.011726,0
aisle-12,20,t,3565.4875,2485.6826,87.86852,21.086384,0
aisle-12,24,t,3384.256,2485.608,87.71183,21.011726,0
aisle-12,26,t,3293.456,2485.708,87.79897,21.011726,0
aisle-12,28,t,3202.668,2485.708,87.700005,21.011726,0
aisle-11,25,t,3474.808,2355.37,87.57023,21.011726,0
aisle-11,21,t,3293.3965,2355.413,87.79897,21.011726,0
aisle-11,19,t,3202.6084,2355.413,87.700005,21.011726,0
aisle-11,23,t,3384.1963,2355.3127,87.71183,21.011726,0
aisle-11,27,t,3565.428,2355.4622,87.86852,21.086384,0
aisle-11,26,t,3474.8975,2455.729,87.57023,21.011726,0
aisle-11,28,t,3565.517,2455.5461,87.86852,21.223377,0
aisle-11,22,t,3293.4941,2455.7058,87.79897,21.011726,0
aisle-11,24,t,3384.2856,2455.7712,87.71183,21.011726,0
aisle-11,20,t,3202.5977,2455.5696,87.94958,21.199877,0
aisle-10,25,t,3202.4424,2325.1794,87.700005,21.011726,0
aisle-10,23,t,3293.2305,2325.1794,87.79897,21.011726,0
aisle-10,17,t,3565.262,2325.3032,87.86852,21.086384,0
aisle-10,21,t,3384.0303,2325.079,87.71183,21.011726,0
aisle-10,19,t,3474.6418,2325.1367,87.57023,21.011726,0
aisle-12,12,t,3921.1772,2485.5918,78.6,21.267479,0
aisle-12,13,t,3839.827,2583.253,78.42341,21.476362,0
aisle-12,16,t,3759.2297,2485.5117,77.81082,21.281256,0
aisle-12,15,t,3759.0298,2583.253,77.90861,21.36436,0
aisle-12,11,t,3921.4082,2583.1885,78.60221,21.540861,0
aisle-12,14,t,3839.869,2485.5117,78.7,21.281256,0
aisle-12,10,t,4002.8772,2485.6914,78.6,21.191479,0
aisle-12,5,t,4166.071,2583.253,78.54741,21.36436,0
aisle-12,8,t,4084.4773,2485.5918,78.87265,21.09148,0
aisle-12,7,t,4084.6658,2583.253,78.19261,21.36436,0
aisle-12,9,t,4002.9727,2583.141,78.7,21.476362,0
aisle-12,6,t,4166.225,2485.593,78.32495,21.389923,0
aisle-12,4,t,4247.645,2485.6914,79.10495,21.36748,0
aisle-12,1,t,4329.1284,2583.1643,79.23401,21.565062,0
aisle-12,3,t,4247.4185,2583.2253,78.58194,21.350407,0
aisle-12,2,t,4329.75,2485.5918,78.4183,21.267479,0
aisle-11,41,t,4156.8257,2355.7026,81.889206,21.030315,0
aisle-11,44,t,4247.784,2455.4956,78.58194,21.350407,0
aisle-11,46,t,4329.194,2455.749,79.23401,21.565062,0
aisle-11,43,t,4241.426,2355.5789,82.09985,20.954014,0
aisle-11,42,t,4166.136,2455.6375,78.54741,21.36436,0
aisle-11,45,t,4326.426,2355.5793,81.80796,21.153614,0
aisle-11,40,t,4084.431,2455.6375,78.59474,21.36436,0
aisle-11,39,t,4072.0256,2355.6035,81.90014,21.09148,0
aisle-11,38,t,4002.738,2455.6375,78.7,21.476362,0
aisle-11,35,t,3912.5256,2355.3794,77.016655,21.267479,0
aisle-11,37,t,3992.3257,2355.3025,72.31676,21.191479,0
aisle-11,36,t,3921.1736,2455.749,78.85214,21.540861,0
aisle-11,34,t,3840.0256,2455.749,78.399994,21.476362,0
aisle-11,31,t,3758.9258,2355.513,75.08008,21.019915,0
aisle-11,32,t,3759.1257,2455.6375,77.899994,21.36436,0
aisle-11,33,t,3836.7258,2355.413,72.90886,21.281256,0
aisle-10,1,t,4326.334,2325.6328,82.09174,20.999899,0
aisle-10,15,t,3758.939,2325.6196,75.10857,20.999899,0
aisle-10,13,t,3836.7476,2325.6196,72.89996,21.18738,0
aisle-10,11,t,3912.3474,2325.6196,77.200165,21.18738,0
aisle-10,9,t,3992.4475,2325.5195,72.40006,21.18738,0
aisle-10,7,t,4072.0476,2325.6194,81.99996,21.18738,0
aisle-10,5,t,4156.847,2325.7195,81.99996,21.18738,0
aisle-10,3,t,4241.547,2325.7195,81.99996,21.18738,0
aisle-10,,t,2067.9583,2048.0903,114.36114,15.173223,0
aisle-10,,t,2067.9375,2068.3145,14.751744,74.88266,0
aisle-10,,t,2184.0193,2048.0903,114.36114,15.271043,0
aisle-10,,t,2300.1804,2048.1902,114.13513,15.271043,0
aisle-10,,t,2416.2156,2048.1902,114.235,15.271043,0
aisle-10,,t,2532.3154,2048.1902,114.37017,15.271043,0
aisle-10,,t,2648.4856,2048.1902,114.32993,15.271043,0
aisle-10,,t,2764.5154,2048.1902,114.32993,15.271043,0
aisle-10,,t,2880.4155,2048.1902,114.359695,15.271043,0
aisle-10,,t,2996.7751,2048.1902,114.140434,15.271043,0
aisle-55,1,t,3080.9902,1778.8833,114.096016,17.830236,0
aisle-55,2,t,3200.6863,1779.0833,17.4,49,0
aisle-55,3,t,3200.7861,1829.9833,17.4,49.099945,0
aisle-55,4,t,3200.786,1881.0833,17.4,49.099945,0
aisle-55,5,t,3200.786,1931.8833,17.4,49.4,0
aisle-55,6,t,2941.1045,2019.3245,50.42688,14.928503,0
aisle-55,7,t,2993.2314,2019.3245,61.544575,14.928503,0
aisle-10,8,t,3056.476,2019.3245,43.399975,14.928503,0
aisle-88,,t,3231.5007,1804.1184,18.19993,58.2,0
aisle-88,,t,3231.5007,1864.0184,18.19993,58.2,0
aisle-88,,t,3231.5007,1924.0184,18.19993,57.999973,0
aisle-88,,t,3231.0645,1778.8964,55.776,16.015978,0
aisle-88,,t,3288.3926,1778.8964,55.776,16.015978,0
aisle-88,,t,3345.7207,1778.7844,55.776,16.015978,0
aisle-88,,t,3383.0486,1802.7523,18.256,68.768,0
aisle-88,,t,3383.1448,1873.4243,18.256,68.768,0
aisle-88,,t,3383.017,1944.0963,18.256,68.768,0
aisle-88,,t,3322.1687,2017.4231,71.75167,15.125567,0
aisle-23,,t,1284.4503,2508.1653,20.9,11.9,0
aisle-23,,t,1306.8503,2508.1653,20.9,11.9,0
aisle-23,,t,1331.2502,2508.1653,20.9,11.9,0
aisle-23,,t,1353.7501,2508.1653,20.9,11.9,0
aisle-23,,t,1378.05,2507.9653,20.9,12.10009,0
aisle-23,,t,1400.45,2508.0652,20.9,12.10009,0
aisle-23,,t,1424.95,2507.965,20.9,12.10009,0
aisle-23,,t,1447.25,2507.965,20.9,12.10009,0
aisle-23,,t,1469.65,2507.965,20.9,12.10009,0
aisle-25,,t,1516.0596,2508.4805,20.9,12.10009,0
aisle-25,,t,1493.6597,2508.3806,20.9,12.10009,0
aisle-25,,t,1560.8231,2508.5432,20.9,12.10009,0
aisle-25,,t,1538.4232,2508.4434,20.9,12.10009,0
aisle-25,,t,1583.5392,2508.6824,20.9,12.10009,0
aisle-25,,t,1605.9391,2508.7822,20.9,12.10009,0
aisle-23,,t,1266.365,2627.9521,12,43.35616,0
aisle-23,,t,1265.9905,2689.827,12.199999,43.0723,0
aisle-23,,t,1266.0906,2755.427,12.199999,43.20286,0
aisle-23,,t,1266.0044,2871.6904,12.022094,43.385246,0
aisle-23,,t,1265.9772,2931.9016,12.022094,43.385246,0
aisle-23,,t,1265.8993,2992.3015,12.022094,43.385246,0
aisle-23,,t,1266.0214,3052.8015,12.0644455,43.385246,0
aisle-23,,t,1265.995,3185.696,12.254966,43.385246,0
aisle-23,,t,1266.073,3124.6963,12.022094,43.385246,0
aisle-23,,t,1266.1172,3246.196,12.0644455,43.385246,0
aisle-23,,t,1265.9816,3307.496,12.0644455,43.385246,0
aisle-30,,t,4388.5625,3032.8374,19.730062,57.528706,0
aisle-30,,t,4388.4854,3093.4814,19.730062,57.528706,0
aisle-30,,t,4388.6035,2903.2,19.730062,58.023064,0
aisle-30,,t,4388.479,2842.7688,19.730062,57.69187,0
aisle-31,,t,4305.935,2842.6785,19.536682,15.066424,0
aisle-30,,t,4328.631,2842.6785,19.536682,15.066424,0
aisle-30,,t,4328.6177,2860.8906,19.728594,18.70887,0
aisle-30,,t,4328.6567,2882.414,19.728594,17.881107,0
aisle-30,,t,4328.6313,2903.34,19.728594,15.515648,0
aisle-30,,t,4328.7363,2921.984,19.728594,17.550035,0
aisle-30,,t,4328.776,2942.6797,19.728594,18.377798,0
aisle-31,,t,4305.809,2860.8906,19.728594,18.70887,0
aisle-31,,t,4305.8486,2882.745,19.728594,17.715672,0
aisle-31,,t,4305.722,2903.4407,19.728594,15.232133,0
aisle-31,,t,4305.9854,2942.5142,19.728594,18.377733,0
aisle-31,,t,4305.868,2921.919,19.728594,17.632286,0
aisle-32,,t,4224.5225,2843.0532,19.536682,15.066424,0
aisle-32,,t,4224.3965,2860.901,19.728594,18.70887,0
aisle-32,,t,4224.3184,2882.705,19.728594,17.715672,0
aisle-31,,t,4247.0103,2942.477,19.728594,18.377798,0
aisle-31,,t,4247.088,2921.7783,19.728594,17.550035,0
aisle-31,,t,4247.2188,2903.457,19.728594,15.515648,0
aisle-32,,t,4224.219,2921.7957,19.728594,17.632286,0
aisle-32,,t,4224.455,2942.6648,19.728594,18.377733,0
aisle-32,,t,4224.4272,2903.392,19.728594,15.232133,0
aisle-31,,t,4247.126,2882.4216,19.728594,17.881107,0
aisle-31,,t,4247.087,2861.0188,19.728594,18.70887,0
aisle-31,,t,4247.2188,2843.0532,19.536682,15.066424,0
aisle-33,,t,4141.353,2941.5637,19.728594,18.377733,0
aisle-32,,t,4164.221,2859.7773,19.728594,18.70887,0
aisle-32,,t,4164.2603,2881.5308,19.728594,17.881107,0
aisle-33,,t,4141.3535,2920.7742,19.728594,17.632286,0
aisle-33,,t,4141.4434,2902.402,19.728594,15.274797,0
aisle-32,,t,4164.235,2841.7046,19.536682,15.066424,0
aisle-32,,t,4164.1167,2902.204,19.728594,15.515648,0
aisle-32,,t,4164.2217,2920.5564,19.728594,17.550035,0
aisle-33,,t,4141.4126,2859.7773,19.728594,18.70887,0
aisle-33,,t,4141.3345,2881.4128,19.728594,17.715672,0
aisle-32,,t,4164.144,2941.494,19.728594,18.377798,0
aisle-33,,t,4141.4204,2841.7046,19.536682,15.066424,0
aisle-33,,t,4081.2786,2902.349,19.728594,15.515648,0
aisle-34,,t,4058.496,2881.5186,19.728594,17.715672,0
aisle-33,,t,4081.3835,2920.85,19.728594,17.550035,0
aisle-33,,t,4081.188,2941.437,19.728594,18.377798,0
aisle-34,,t,4058.4563,2859.816,19.728594,18.70887,0
aisle-34,,t,4058.5823,2841.518,19.536682,15.066424,0
aisle-33,,t,4081.186,2881.6846,19.728594,17.881107,0
aisle-33,,t,4081.0293,2859.816,19.728594,18.70887,0
aisle-34,,t,4058.605,2902.3064,19.728594,15.232133,0
aisle-34,,t,4058.3975,2920.5613,19.728594,17.632286,0
aisle-34,,t,4058.279,2941.389,19.728594,18.377733,0
aisle-33,,t,4081.2786,2841.518,19.536682,15.066424,0
aisle-37,,t,3809.974,2941.4993,19.728594,18.377733,0
aisle-36,,t,3832.7053,2859.9614,19.728594,18.368021,0
aisle-37,,t,3810.0044,2920.5706,19.728594,17.632286,0
aisle-36,,t,3832.4587,2881.671,19.918789,17.64971,0
aisle-36,,t,3832.4722,2841.604,19.905289,15.066424,0
aisle-37,,t,3810.006,2902.1785,19.728594,15.472631,0
aisle-37,,t,3809.8374,2859.87,19.728594,18.607246,0
aisle-36,,t,3832.7678,2902.448,19.728594,15.515648,0
aisle-36,,t,3832.7249,2920.7332,19.728594,17.550035,0
aisle-37,,t,3809.65,2881.671,19.922401,17.64971,0
aisle-36,,t,3832.7651,2941.37,19.728594,18.559362,0
aisle-37,,t,3809.776,2841.604,19.796402,15.066424,0
aisle-36,,t,3891.2808,2902.366,19.728594,15.472631,0
aisle-36,,t,3891.4717,2841.7012,19.558361,15.066424,0
aisle-36,,t,3891.3228,2859.7202,19.728594,18.607246,0
aisle-36,,t,3891.2793,2920.6033,19.728594,17.942785,0
aisle-36,,t,3891.2405,2881.616,19.922401,17.64971,0
aisle-35,,t,3914.0398,2941.4878,19.728594,18.559362,0
aisle-35,,t,3914.2102,2920.6833,19.728594,17.550035,0
aisle-35,,t,3914.2532,2902.1523,19.728594,15.515648,0
aisle-36,,t,3891.4592,2941.33,19.728594,18.575666,0
aisle-35,,t,3914.0815,2881.5107,19.78116,17.64971,0
aisle-35,,t,3914.0854,2859.7366,19.728594,18.624428,0
aisle-35,,t,3914.168,2841.596,19.799936,15.2996645,0
aisle-34,,t,3998.2493,2841.5378,19.905289,15.357864,0
aisle-35,,t,3975.3606,2920.691,19.728594,17.632286,0
aisle-34,,t,3998.272,2859.869,19.728594,18.807125,0
aisle-34,,t,3998.3408,2881.616,19.918789,17.64971,0
aisle-35,,t,3975.5725,2902.2932,19.728594,15.472631,0
aisle-35,,t,3975.5405,2941.532,19.728594,18.377733,0
aisle-35,,t,3975.427,2881.7212,19.922401,17.64971,0
aisle-34,,t,3998.3345,2902.1223,19.728594,15.515648,0
aisle-35,,t,3975.5093,2859.7305,19.728594,18.607246,0
aisle-34,,t,3998.1863,2920.6887,19.728594,17.646946,0
aisle-35,,t,3975.553,2841.5378,19.796402,15.357864,0
aisle-34,,t,3998.3315,2941.4504,19.728594,18.559362,0
aisle-31,,t,4247.126,3072.3381,19.728594,17.881107,0
aisle-31,,t,4247.2188,3030.155,19.536682,15.066424,0
aisle-31,,t,4247.0103,3132.8901,19.728594,18.377798,0
aisle-33,,t,4081.1787,3031.5803,19.651194,15.406093,0
aisle-34,,t,4058.279,3131.5107,20.081345,18.669239,0
aisle-33,,t,4081.0293,3049.8213,19.728594,18.70887,0
aisle-31,,t,4247.2188,3091.008,19.728594,15.515648,0
aisle-31,,t,4247.088,3111.3638,19.728594,17.550035,0
aisle-31,,t,4247.087,3051.7632,19.728594,18.70887,0
aisle-34,,t,4058.3975,3110.6672,19.728594,17.886944,0
aisle-34,,t,4058.605,3092.2349,19.728594,15.475811,0
aisle-33,,t,4081.186,3071.601,19.728594,17.881107,0
aisle-33,,t,4081.2786,3092.1174,19.728594,15.515648,0
aisle-34,,t,4058.496,3071.7134,19.728594,17.715672,0
aisle-33,,t,4081.3835,3110.5833,19.728594,17.823048,0
aisle-34,,t,4058.4563,3049.8213,19.728594,18.70887,0
aisle-33,,t,4081.188,3131.5107,19.728594,18.717104,0
aisle-34,,t,4058.4824,3031.5803,19.877945,15.406093,0
aisle-33,,t,4141.1865,3031.7283,19.918695,15.249268,0
aisle-32,,t,4164.144,3131.4636,19.728594,18.525341,0
aisle-34,,t,3998.3315,3131.456,19.728594,18.559362,0
aisle-32,,t,4164.2217,3110.4375,19.728594,18.116674,0
aisle-33,,t,4141.4126,3049.93,19.728594,18.70887,0
aisle-32,,t,4164.1167,3092.1204,19.728594,15.515648,0
aisle-34,,t,3998.1863,3110.771,19.728594,17.646946,0
aisle-33,,t,4141.3345,3071.3455,19.728594,17.739117,0
aisle-34,,t,3998.3345,3092.1733,19.728594,15.515648,0
aisle-32,,t,4164.2603,3071.4473,19.728594,17.881107,0
aisle-33,,t,4141.482,3092.2253,19.837854,15.485411,0
aisle-32,,t,4164.221,3049.93,19.728594,18.70887,0
aisle-33,,t,4141.3535,3110.815,19.728594,17.70273,0
aisle-34,,t,3998.2407,3071.601,19.918789,17.64971,0
aisle-34,,t,3998.272,3049.7043,19.728594,18.878363,0
aisle-32,,t,4224.455,3133.078,19.728594,18.377733,0
aisle-32,,t,4224.219,3111.4634,19.728594,17.632286,0
aisle-33,,t,4141.353,3131.5107,19.728594,18.626068,0
aisle-34,,t,3998.1494,3031.631,19.905289,15.357864,0
aisle-32,,t,4163.9395,3031.615,20.11642,15.066424,0
aisle-32,,t,4224.4272,3090.6594,19.728594,15.232133,0
aisle-32,,t,4224.3184,3072.456,19.728594,17.715672,0
aisle-32,,t,4224.3965,3051.6453,19.728594,18.70887,0
aisle-32,,t,4224.5225,3030.155,19.536682,15.066424,0
aisle-35,,t,3975.453,3031.631,19.796402,15.357864,0
aisle-37,,t,3809.776,3031.7163,19.796402,15.066424,0
aisle-31,,t,4305.935,3029.7803,19.536682,15.066424,0
aisle-35,,t,3914.0627,3031.7722,19.799936,15.054499,0
aisle-37,,t,3809.8374,3049.76,19.728594,18.952377,0
aisle-35,,t,3975.5093,3049.873,19.728594,18.607246,0
aisle-31,,t,4305.809,3051.6348,19.728594,18.70887,0
aisle-35,,t,3914.0854,3049.765,19.728594,18.736938,0
aisle-35,,t,3975.427,3071.706,19.922401,17.64971,0
aisle-37,,t,3809.65,3071.7324,19.922401,17.64971,0
aisle-31,,t,4305.8486,3072.496,19.728594,17.715672,0
aisle-35,,t,3914.0815,3071.6167,19.78116,17.64971,0
aisle-37,,t,3809.8806,3092.3208,19.728594,15.472631,0
aisle-35,,t,3975.5725,3092.2014,19.728594,15.472631,0
aisle-35,,t,3914.2532,3092.1782,19.728594,15.515648,0
aisle-31,,t,4305.722,3090.7083,19.728594,15.232133,0
aisle-35,,t,3975.3606,3110.6587,19.93545,17.648851,0
aisle-37,,t,3810.0044,3110.6145,19.728594,17.96377,0
aisle-31,,t,4305.868,3111.5867,19.728594,17.632286,0
aisle-35,,t,3914.2102,3110.6223,19.728594,17.803097,0
aisle-35,,t,3975.5405,3131.3557,19.728594,18.753355,0
aisle-31,,t,4305.9854,3132.9272,19.728594,18.377733,0
aisle-37,,t,3809.974,3131.5361,19.728594,18.377733,0
aisle-35,,t,3914.0398,3131.3752,19.728594,18.559362,0
aisle-30,,t,4328.776,3133.093,19.728594,18.377798,0
aisle-36,,t,3832.7651,3131.3376,19.728594,18.559362,0
aisle-36,,t,3891.4592,3131.4697,19.728594,18.575666,0
aisle-30,,t,4328.7363,3111.5693,19.728594,17.550035,0
aisle-36,,t,3832.7249,3110.8203,19.728594,17.550035,0
aisle-36,,t,3891.2793,3110.5815,19.728594,17.942785,0
aisle-30,,t,4328.6313,3090.891,19.728594,15.515648,0
aisle-36,,t,3832.7678,3092.1316,19.728594,15.515648,0
aisle-36,,t,3891.2808,3092.3489,19.728594,15.472631,0
aisle-30,,t,4328.6567,3072.3306,19.728594,17.881107,0
aisle-36,,t,3832.4587,3071.7324,19.918789,17.64971,0
aisle-36,,t,3891.2405,3071.722,19.922401,17.64971,0
aisle-30,,t,4328.6177,3051.6348,19.728594,18.70887,0
aisle-36,,t,3832.7053,3049.822,19.728594,18.679758,0
aisle-36,,t,3891.428,3049.7314,19.728594,18.87576,0
aisle-30,,t,4328.631,3029.7803,19.536682,15.066424,0
aisle-36,,t,3832.4722,3031.5908,19.905289,15.066424,0
aisle-36,,t,3891.4717,3031.644,19.558361,15.066424,0
